1,1.500,-0.122,2.430,0.935,-0.000,3.365,3.365
2,3.000,-0.000,4.497,0.995,-0.000,5.492,5.492
3,4.500,-0.000,6.747,1.085,-0.000,7.832,7.832
4,6.000,-0.183,9.271,1.208,-0.000,10.480,10.480
5,7.500,-0.244,11.613,1.363,-0.000,12.976,12.976
6,9.000,-0.061,13.588,1.544,-0.000,15.133,15.133
7,10.500,-0.122,15.930,1.757,-0.000,17.687,17.687
8,12.000,-0.061,18.088,1.998,-0.000,20.086,20.086
9,13.500,-0.000,20.247,2.268,-0.000,22.515,22.515
10,15.000,0.122,22.314,2.565,-0.000,24.880,24.880
11,16.500,0.244,24.381,2.891,-0.000,27.272,27.272
12,18.000,0.061,26.906,3.249,-0.000,30.155,30.155
13,19.500,-0.061,29.338,3.640,-0.000,32.979,32.979
14,21.000,-0.183,31.771,4.064,-0.000,35.835,35.835
15,22.500,-0.061,33.838,4.515,-0.000,38.354,38.354
16,24.000,0.061,35.906,4.994,-0.000,40.900,40.900
17,25.500,0.061,38.156,5.503,-0.000,43.658,43.658
18,27.000,0.122,40.314,6.040,-0.000,46.354,46.354
19,28.500,-0.000,42.747,6.610,-0.000,49.357,49.357
20,30.000,-0.000,44.997,7.210,-0.000,52.207,52.207
21,31.500,0.061,47.156,7.839,-0.000,54.994,54.994
22,33.000,-0.000,49.497,8.499,-0.000,57.996,57.996
23,34.500,-0.183,52.021,9.192,-0.000,61.214,61.214
24,36.000,-0.305,54.454,9.919,-0.000,64.373,64.373
25,37.500,-0.183,56.521,10.672,-0.000,67.194,67.194
26,39.000,-0.061,58.588,11.453,-0.000,70.042,70.042
27,40.500,0.061,60.656,12.262,-0.000,72.918,72.918
28,42.000,0.122,62.814,13.100,-0.000,75.914,75.914
29,43.500,0.061,65.156,13.968,-0.000,79.124,79.124
30,45.000,-0.061,67.588,14.870,-0.000,82.458,82.458
31,46.500,-0.122,69.930,15.802,-0.000,85.732,85.732
32,48.000,-0.122,72.180,16.764,-0.000,88.944,88.944
33,49.500,-0.061,74.338,17.756,-0.000,92.094,92.094
34,51.000,0.061,76.406,18.774,-0.000,95.180,95.180
35,52.500,0.183,78.473,19.821,-0.000,98.293,98.293
36,54.000,0.122,80.814,20.898,-0.000,101.712,101.712
37,55.500,0.061,83.156,22.007,-0.000,105.162,105.162
38,57.000,-0.061,85.588,23.148,-0.000,108.736,108.736
39,58.500,-0.122,87.930,24.320,-0.000,112.250,112.250
40,60.000,-0.122,90.180,25.523,-0.000,115.703,115.703
41,61.500,-0.122,92.430,26.755,-0.000,119.185,119.185
42,63.000,-0.122,94.680,28.018,-0.000,122.698,122.698
43,64.500,-0.061,96.838,29.309,-0.000,126.147,126.147
44,66.000,0.061,98.906,30.628,-0.000,129.533,129.533
45,67.500,0.122,101.064,31.975,-0.000,133.039,133.039
46,69.000,-0.061,103.588,33.356,-0.000,136.945,136.945
47,70.500,-0.122,105.930,34.769,-0.000,140.699,140.699
48,72.000,-0.122,108.180,36.211,-0.000,144.391,144.391
49,73.500,-0.061,110.338,37.682,-0.000,148.021,148.021
50,75.000,0.061,112.406,39.181,-0.000,151.586,151.586
51,76.500,0.122,114.564,40.708,-0.000,155.273,155.273
52,78.000,0.061,116.906,42.267,-0.000,159.173,159.173
53,79.500,0.061,119.156,43.856,-0.000,163.011,163.011
54,81.000,-0.122,121.680,45.478,-0.000,167.158,167.158
55,82.500,-0.183,124.021,47.132,-0.000,171.153,171.153
56,84.000,-0.061,126.088,48.813,-0.000,174.902,174.902
57,85.500,0.061,128.156,50.522,-0.000,178.677,178.677
58,87.000,-0.000,130.497,52.262,-0.000,182.759,182.759
59,88.500,-0.000,132.747,54.032,-0.000,186.779,186.779
60,90.000,-0.061,135.088,55.833,-0.000,190.921,190.921
61,91.500,-0.122,137.430,57.665,-0.000,195.095,195.095
62,93.000,-0.061,139.588,59.527,-0.000,199.115,199.115
63,94.500,-0.061,141.838,61.418,-0.000,203.256,203.256
64,96.000,-0.122,144.180,63.340,-0.000,207.520,207.520
65,97.500,-0.000,146.247,65.290,-0.000,211.537,211.537
66,99.000,0.122,148.314,67.268,-0.000,215.582,215.582
67,100.500,0.061,150.656,69.276,-0.000,219.932,219.932
68,102.000,-0.061,153.088,71.318,-0.000,224.406,224.406
69,103.500,-0.061,155.338,73.389,-0.000,228.727,228.727
70,105.000,-0.061,157.588,75.490,-0.000,233.078,233.078
71,106.500,0.061,159.656,77.619,-0.000,237.274,237.274
72,108.000,-0.061,162.088,79.780,-0.000,241.868,241.868
73,109.500,-0.183,164.521,81.973,-0.000,246.495,246.495
74,111.000,-0.061,166.588,84.195,-0.000,250.783,250.783
75,112.500,0.061,168.656,86.443,-0.000,255.099,255.099
76,114.000,15.671,147.491,88.410,-0.000,235.901,235.901
77,115.500,-0.000,173.247,90.720,-0.000,263.967,263.967
78,117.000,-0.122,175.680,93.062,-0.000,268.742,268.742
79,118.500,-0.183,178.021,95.436,-0.000,273.457,273.457
80,120.000,0.061,179.906,97.835,-0.000,277.740,277.740
81,121.500,0.061,182.156,100.263,-0.000,282.419,282.419
82,123.000,-0.122,184.680,102.726,-0.000,287.406,287.406
83,124.500,-0.122,186.930,105.218,-0.000,292.148,292.148
84,126.000,-0.061,189.088,107.739,-0.000,296.828,296.828
85,127.500,-0.122,191.430,110.292,-0.000,301.722,301.722
86,129.000,-0.122,193.680,112.874,-0.000,306.554,306.554
87,130.500,-0.122,195.930,115.487,-0.000,311.417,311.417
88,132.000,-0.061,198.088,118.128,-0.000,316.216,316.216
89,133.500,-0.061,200.338,120.799,-0.000,321.137,321.137
90,135.000,-0.183,202.771,123.503,-0.000,326.274,326.274
91,136.500,-0.122,204.930,126.235,-0.000,331.165,331.165
92,138.000,-0.061,207.088,128.996,-0.000,336.085,336.085
93,139.500,-0.061,209.338,131.787,-0.000,341.126,341.126
94,141.000,-0.000,211.497,134.607,-0.000,346.104,346.104
95,142.500,-0.061,213.838,137.458,-0.000,351.297,351.297
96,144.000,-0.061,216.088,140.340,-0.000,356.428,356.428
97,145.500,-0.000,218.247,143.250,-0.000,361.497,361.497
98,147.000,0.122,220.314,146.187,-0.000,366.501,366.501
99,148.500,-0.000,222.747,149.157,-0.000,371.904,371.904
100,150.000,-0.000,224.997,152.157,-0.000,377.154,377.154
101,151.500,-0.000,227.247,155.187,-0.000,382.434,382.434
102,153.000,-0.061,229.588,158.248,-0.000,387.837,387.837
103,154.500,-0.061,231.838,161.339,-0.000,393.178,393.178
104,156.000,-0.122,234.180,164.462,-0.000,398.642,398.642
105,157.500,-0.183,236.521,167.615,-0.000,404.137,404.137
106,159.000,-0.061,238.588,170.797,-0.000,409.385,409.385
107,160.500,0.061,240.656,174.005,-0.000,414.661,414.661
108,162.000,-0.000,242.997,177.245,-0.000,420.242,420.242
109,163.500,-0.061,245.338,180.516,-0.000,425.855,425.855
110,165.000,-0.122,247.680,183.819,-0.000,431.499,431.499
111,166.500,-0.061,249.838,187.150,-0.000,436.988,436.988
112,168.000,-0.000,251.997,190.510,-0.000,442.507,442.507
113,169.500,-0.061,254.338,193.901,-0.000,448.240,448.240
114,171.000,-0.000,256.497,197.321,-0.000,453.818,453.818
115,172.500,0.122,258.564,200.769,-0.000,459.333,459.333
116,174.000,-0.000,260.997,204.249,-0.000,465.246,465.246
117,175.500,0.061,263.156,207.757,-0.000,470.913,470.913
118,177.000,-0.122,265.680,211.300,-0.000,476.980,476.980
119,178.500,-0.183,268.021,214.873,-0.000,482.895,482.895
120,180.000,-0.183,270.271,218.477,-0.000,488.748,488.748
121,181.500,-0.122,272.430,222.109,-0.000,494.539,494.539
122,183.000,-0.000,274.497,225.769,-0.000,500.266,500.266
123,184.500,0.061,276.656,229.458,-0.000,506.114,506.114
124,186.000,-0.000,278.997,233.178,-0.000,512.175,512.175
125,187.500,-0.122,281.430,236.930,-0.000,518.360,518.360
126,189.000,-0.061,283.588,240.712,-0.000,524.300,524.300
127,190.500,-0.122,285.930,244.524,-0.000,530.454,530.454
128,192.000,-0.061,288.088,248.365,-0.000,536.454,536.454
129,193.500,-0.000,290.247,252.235,-0.000,542.482,542.482
130,195.000,-0.061,292.588,256.136,-0.000,548.725,548.725
131,196.500,-0.000,294.747,260.066,-0.000,554.813,554.813
132,198.000,-0.000,296.997,264.026,-0.000,561.023,561.023
133,199.500,-0.122,299.430,268.019,-0.000,567.449,567.449
134,201.000,-0.183,301.771,272.042,-0.000,573.814,573.814
135,202.500,-0.244,304.113,276.097,-0.000,580.210,580.210
136,204.000,-0.061,306.088,280.178,-0.000,586.267,586.267
137,205.500,-0.000,308.247,284.288,-0.000,592.535,592.535
138,207.000,-0.000,310.497,288.428,-0.000,598.925,598.925
139,208.500,-0.000,312.747,292.598,-0.000,605.345,605.345
140,210.000,-0.061,315.088,296.799,-0.000,611.888,611.888
141,211.500,-0.122,317.430,301.032,-0.000,618.462,618.462
142,213.000,-0.122,319.680,305.294,-0.000,624.974,624.974
143,214.500,0.061,321.656,309.583,-0.000,631.238,631.238
144,216.000,0.122,323.814,313.900,-0.000,637.714,637.714
145,217.500,-0.061,326.338,318.252,-0.000,644.590,644.590
146,219.000,-0.122,328.680,322.634,-0.000,651.314,651.314
147,220.500,-0.000,330.747,327.044,-0.000,657.791,657.791
148,222.000,-0.000,332.997,331.484,-0.000,664.481,664.481
149,223.500,-0.000,335.247,335.954,-0.000,671.201,671.201
150,225.000,-0.061,337.588,340.455,-0.000,678.043,678.043
151,226.500,-0.122,339.930,344.987,-0.000,684.917,684.917
152,228.000,-0.061,342.088,349.549,-0.000,691.637,691.637
153,229.500,-0.122,344.430,354.141,-0.000,698.571,698.571
154,231.000,-0.122,346.680,358.763,-0.000,705.443,705.443
155,232.500,-0.061,348.838,363.414,-0.000,712.253,712.253
156,234.000,0.122,350.814,368.092,-0.000,718.906,718.906
157,235.500,0.122,353.064,372.800,-0.000,725.864,725.864
158,237.000,-0.000,355.497,377.540,-0.000,733.036,733.036
159,238.500,-0.061,357.838,382.311,-0.000,740.149,740.149
160,240.000,-0.122,360.180,387.113,-0.000,747.293,747.293
161,241.500,-0.061,362.338,391.944,-0.000,754.283,754.283
162,243.000,0.122,364.314,396.802,-0.000,761.116,761.116
163,244.500,0.061,366.656,401.691,-0.000,768.346,768.346
164,246.000,-0.000,368.997,406.611,-0.000,775.608,775.608
165,247.500,-0.061,371.338,411.562,-0.000,782.900,782.900
166,249.000,-0.000,373.497,416.542,-0.000,790.039,790.039
167,250.500,-0.061,375.838,421.553,-0.000,797.391,797.391
168,252.000,-0.122,378.180,426.595,-0.000,804.775,804.775
169,253.500,-0.122,380.430,431.668,-0.000,812.098,812.098
170,255.000,-0.000,382.497,436.768,-0.000,819.265,819.265
171,256.500,0.122,384.564,441.895,-0.000,826.459,826.459
172,258.000,0.061,386.906,447.054,-0.000,833.959,833.959
173,259.500,-0.122,389.430,452.246,-0.000,841.676,841.676
174,261.000,-0.000,391.497,457.466,-0.000,848.963,848.963
175,262.500,-0.000,393.747,462.716,-0.000,856.463,856.463
176,264.000,-0.122,396.180,467.999,-0.000,864.178,864.178
177,265.500,-0.061,398.338,473.310,-0.000,871.648,871.648
178,267.000,-0.061,400.588,478.651,-0.000,879.239,879.239
179,268.500,-0.000,402.747,484.021,-0.000,886.768,886.768
180,270.000,-0.000,404.997,489.421,-0.000,894.418,894.418
181,271.500,-0.061,407.338,494.852,-0.000,902.190,902.190
182,273.000,-0.061,409.588,500.313,-0.000,909.902,909.902
183,274.500,-0.061,411.838,505.804,-0.000,917.643,917.643
184,276.000,0.122,413.814,511.322,-0.000,925.136,925.136
185,277.500,-0.122,416.430,516.874,-0.000,933.304,933.304
186,279.000,-0.061,418.588,522.455,-0.000,941.044,941.044
187,280.500,-0.000,420.747,528.065,-0.000,948.812,948.812
188,282.000,-0.061,423.088,533.706,-0.000,956.795,956.795
189,283.500,-0.000,425.247,539.376,-0.000,964.623,964.623
190,285.000,-0.183,427.771,545.080,-0.000,972.851,972.851
191,286.500,-0.244,430.113,550.815,-0.000,980.928,980.928
192,288.000,-0.244,432.363,556.580,-0.000,988.943,988.943
193,289.500,-0.000,434.247,562.370,-0.000,996.617,996.617
194,291.000,0.061,436.406,568.188,-0.000,1004.594,1004.594
195,292.500,1.341,436.735,574.012,-0.000,1012.007,1009.486
196,294.000,13.415,420.875,579.623,-0.000,999.238,1001.758
197,295.500,91.951,305.320,583.694,-0.000,887.754,890.275
198,297.000,208.476,132.784,585.465,-0.000,713.207,723.289
199,298.500,326.220,-41.582,584.910,-0.000,530.726,555.930
200,300.000,430.366,-195.552,582.303,0.000,366.588,406.914
201,301.500,509.146,-311.473,578.150,0.000,241.474,291.881
202,303.000,560.427,-386.143,573.001,0.000,162.914,210.802
203,304.500,586.829,-423.497,567.355,0.000,124.955,162.761
204,306.000,598.537,-438.808,561.504,0.000,103.793,141.599
205,307.500,593.537,-429.058,555.783,0.000,105.302,148.148
206,309.000,623.902,-472.357,549.485,0.000,55.705,98.552
207,310.500,648.963,-507.698,542.716,0.000,18.635,51.400
208,312.000,704.207,-588.314,534.872,0.000,62.264,44.621
209,313.500,771.951,-687.680,525.703,0.000,159.457,164.498
210,315.000,830.610,-773.418,515.390,0.000,247.946,268.109
211,316.500,871.463,-832.448,504.291,0.000,318.076,338.239
212,318.000,848.902,-796.357,493.673,0.000,291.342,314.026
213,319.500,795.427,-713.893,484.154,0.000,217.137,242.341
214,321.000,698.841,-566.765,476.597,0.000,80.086,100.249
215,322.500,631.159,-462.991,470.424,0.000,14.995,0.128
216,324.000,605.366,-422.052,464.797,0.000,50.306,35.184
217,325.500,613.415,-431.875,459.039,0.000,38.505,15.822
218,327.000,631.707,-457.064,452.944,0.000,9.743,17.982
219,328.500,639.939,-467.162,446.716,0.000,7.844,33.048
220,330.000,642.683,-469.027,440.462,0.000,17.224,39.907
221,331.500,647.622,-474.186,434.139,0.000,26.184,53.909
222,333.000,649.329,-474.497,427.813,0.000,29.041,64.327
223,334.500,643.720,-463.832,421.628,0.000,24.561,59.847
224,336.000,638.171,-453.259,415.585,0.000,22.552,52.797
225,337.500,632.988,-443.235,409.675,0.000,18.437,48.682
226,339.000,619.695,-421.046,404.061,0.000,0.658,34.627
227,340.500,608.537,-402.058,398.700,0.000,19.326,26.041
228,342.000,600.122,-387.186,393.538,0.000,29.036,16.332
229,343.500,587.378,-365.820,388.660,0.000,44.264,1.417
230,345.000,578.598,-350.399,383.988,0.000,53.752,13.426
231,346.500,578.963,-348.698,379.339,0.000,52.064,9.217
232,348.000,583.659,-353.491,374.626,0.000,46.339,4.069
233,349.500,582.012,-348.771,369.976,0.000,45.148,2.740
234,351.000,577.439,-339.662,365.447,0.000,50.989,0.581
235,352.500,574.146,-332.473,361.014,0.000,52.485,4.597
236,354.000,575.244,-331.869,356.589,0.000,49.924,0.484
237,355.500,578.720,-334.832,352.124,0.000,45.017,10.432
238,357.000,576.951,-329.930,347.725,0.000,45.520,9.929
239,358.500,569.573,-316.613,343.504,0.000,54.616,0.833
240,360.000,563.293,-304.942,339.438,0.000,63.481,5.511
241,361.500,562.012,-300.771,335.428,0.000,64.901,4.411
242,363.000,561.707,-298.064,331.454,0.000,63.634,3.145
243,364.500,558.598,-291.149,327.572,0.000,66.667,6.177
244,366.000,554.451,-282.680,323.802,0.000,72.628,9.617
245,367.500,551.524,-276.040,320.122,0.000,75.588,12.577
246,369.000,548.293,-268.942,316.536,0.000,80.359,14.829
247,370.500,543.232,-259.101,313.081,0.000,86.746,21.215
248,372.000,539.451,-251.180,309.732,0.000,92.578,24.527
249,373.500,539.024,-248.290,306.422,0.000,90.898,25.367
250,375.000,542.378,-251.070,303.074,0.000,86.030,17.978
251,376.500,544.146,-251.473,299.721,0.000,83.535,12.963
252,378.000,541.402,-245.107,296.453,0.000,85.372,17.321
253,379.500,535.793,-234.442,293.327,0.000,92.911,24.860
254,381.000,533.659,-228.991,290.274,0.000,97.829,24.737
255,382.500,532.805,-225.460,287.268,0.000,95.833,27.782
256,384.000,532.256,-222.387,284.303,0.000,97.201,26.630
257,385.500,531.524,-219.040,281.382,0.000,96.368,28.317
258,387.000,530.366,-215.052,278.515,0.000,98.749,28.177
259,388.500,528.049,-209.326,275.724,0.000,101.684,31.112
260,390.000,525.915,-203.875,273.005,0.000,105.677,32.584
261,391.500,526.646,-202.723,270.303,0.000,102.866,32.294
262,393.000,527.744,-202.119,267.608,0.000,100.775,30.203
263,394.500,527.683,-199.777,264.944,0.000,99.192,31.141
264,396.000,525.244,-193.869,262.359,0.000,102.516,34.464
265,397.500,520.000,-183.753,259.909,0.000,110.182,42.130
266,399.000,516.646,-176.473,257.556,0.000,113.849,48.318
267,400.500,517.317,-175.229,255.220,0.000,111.496,48.486
268,402.000,521.159,-178.741,252.836,0.000,105.601,42.590
269,403.500,522.805,-178.960,250.450,0.000,102.995,39.985
270,405.000,521.829,-175.247,248.114,0.000,103.112,42.622
271,406.500,519.573,-169.613,245.852,0.000,105.224,47.254
272,408.000,517.195,-163.796,243.668,0.000,107.597,52.148
273,409.500,514.634,-157.704,241.565,0.000,109.066,58.657
274,411.000,513.110,-153.168,239.523,0.000,110.300,62.411
275,412.500,515.122,-153.936,237.471,0.000,106.219,60.851
276,414.000,518.110,-156.168,235.389,0.000,101.905,56.537
277,415.500,518.598,-154.649,233.327,0.000,98.841,58.514
278,417.000,516.220,-148.832,231.342,0.000,101.413,63.606
279,418.500,513.293,-142.192,229.446,0.000,103.637,70.871
280,420.000,510.732,-136.101,227.632,0.000,104.133,78.929
281,421.500,509.695,-132.296,225.868,0.000,106.174,80.969
282,423.000,510.488,-131.235,224.118,0.000,104.225,81.541
283,424.500,510.549,-129.076,222.397,0.000,103.403,83.239
284,426.000,507.744,-122.619,220.762,0.000,105.705,90.581
285,427.500,504.756,-115.887,219.217,0.000,108.371,98.288
286,429.000,501.098,-108.149,217.775,0.000,109.626,109.625
287,430.500,499.024,-102.790,216.404,0.000,112.355,114.874
288,432.000,499.085,-100.631,215.062,0.000,111.911,116.951
289,433.500,499.878,-99.570,213.735,0.000,110.385,117.945
290,435.000,499.329,-96.497,212.448,0.000,109.651,122.252
291,436.500,497.866,-92.052,211.221,0.000,109.088,129.250
292,438.000,496.646,-87.973,210.048,0.000,109.474,134.677
293,439.500,497.317,-86.729,208.891,0.000,104.521,139.805
294,441.000,500.183,-88.777,207.708,0.000,101.288,136.573
295,442.500,502.561,-90.094,206.507,0.000,94.989,137.835
296,444.000,500.183,-84.277,205.383,0.000,98.422,143.789
297,445.500,494.817,-73.979,204.396,0.000,103.954,156.882
298,447.000,491.280,-66.424,203.511,0.000,108.103,166.071
299,448.500,491.707,-64.814,202.647,0.000,103.808,171.858
300,450.000,495.488,-68.235,201.737,0.000,96.957,170.047
301,451.500,499.024,-71.290,200.786,0.000,90.431,168.563
302,453.000,498.232,-67.851,199.882,0.000,89.185,174.878
303,454.500,493.841,-59.015,199.095,0.000,94.713,185.446
304,456.000,490.244,-51.369,198.410,0.000,97.893,196.188
305,457.500,488.963,-47.198,197.781,0.000,96.394,204.771
306,457.500,489.451,-47.930,197.141,0.000,91.243,207.181
307,457.500,491.707,-51.314,196.457,0.000,84.654,205.633
308,457.500,492.378,-52.320,195.760,0.000,79.170,207.710
309,457.500,490.549,-49.576,195.099,0.000,78.732,212.313
310,457.500,486.159,-42.991,194.525,0.000,80.964,222.106
311,457.500,481.890,-36.588,194.038,0.000,81.837,233.061
312,457.500,479.695,-33.296,193.594,0.000,80.905,239.691
313,457.500,479.939,-33.662,193.145,0.000,76.310,242.657
314,457.500,482.317,-37.229,192.648,0.000,68.466,242.374
315,457.500,483.720,-39.332,192.124,0.000,63.317,242.266
316,457.500,480.183,-34.027,191.670,0.000,64.388,250.898
317,457.500,473.780,-24.424,191.345,0.000,69.885,263.957
318,457.500,469.939,-18.662,191.096,0.000,71.618,273.251
319,457.500,468.415,-16.375,190.878,0.000,68.645,280.360
320,457.500,467.134,-14.454,190.685,0.000,65.333,287.129
321,457.500,466.768,-13.905,190.499,0.000,63.175,290.012
322,457.500,465.610,-12.168,190.337,0.000,59.710,296.629
323,457.500,461.524,-6.040,190.257,0.000,61.977,306.457
324,457.500,457.378,0.180,190.259,0.000,64.418,316.460
325,457.500,456.159,2.009,190.286,-0.000,61.234,323.357
326,457.500,456.951,0.820,190.297,-0.000,56.275,325.959
327,457.500,457.012,0.729,190.307,-0.000,52.412,329.658
328,457.500,454.207,4.936,190.372,-0.000,51.645,338.972
329,457.500,449.451,12.070,190.533,-0.000,56.419,348.787
330,457.500,445.549,17.924,190.772,-0.000,57.471,359.921
331,457.500,442.256,22.863,191.077,-0.000,58.934,368.945
332,457.500,440.793,25.058,191.411,-0.000,56.423,376.516
333,457.500,439.939,26.338,191.762,-0.000,54.274,381.928
334,457.500,438.110,29.082,192.150,-0.000,52.365,390.100
335,457.500,435.732,32.649,192.585,-0.000,52.586,397.883
336,457.500,433.598,35.851,193.063,-0.000,51.225,406.603
337,457.500,432.683,37.223,193.560,-0.000,48.052,413.513
338,457.500,432.622,37.314,194.057,-0.000,44.861,417.882
339,457.500,430.854,39.966,194.590,-0.000,44.265,424.848
340,457.500,426.890,45.912,195.202,-0.000,44.521,437.706
341,457.500,421.524,53.960,195.922,-0.000,49.509,450.255
342,457.500,416.463,61.552,196.742,-0.000,52.880,463.708
343,457.500,412.866,66.948,197.635,-0.000,55.389,473.778
344,457.500,411.463,69.052,198.556,-0.000,53.372,481.843
345,457.500,411.280,69.326,199.480,-0.000,50.790,486.823
346,457.500,410.305,70.790,200.424,-0.000,48.157,494.270
347,457.500,408.354,73.716,201.407,-0.000,47.026,503.221
348,457.500,406.463,76.552,202.428,-0.000,45.841,512.118
349,457.500,403.537,80.942,203.507,-0.000,46.270,522.628
350,457.500,400.305,85.790,204.651,-0.000,48.481,532.400
351,457.500,398.110,89.082,205.838,-0.000,49.181,540.661
352,457.500,396.829,91.003,207.052,-0.000,46.014,550.096
353,457.500,395.854,92.466,208.285,-0.000,43.669,557.833
354,457.500,393.049,96.674,209.574,-0.000,44.125,568.370
355,457.500,387.012,105.729,210.983,-0.000,49.549,583.875
356,457.500,382.012,113.229,212.493,-0.000,53.518,597.926
357,457.500,379.695,116.704,214.049,-0.000,54.769,606.738
358,457.500,378.780,118.076,215.624,-0.000,53.935,613.465
359,457.500,377.805,119.540,217.217,-0.000,51.951,621.563
360,457.500,375.793,122.558,218.852,-0.000,51.563,631.256
361,457.500,373.659,125.759,220.528,-0.000,50.140,642.435
362,457.500,371.829,128.503,222.242,-0.000,49.556,651.933
363,457.500,369.329,132.253,224.005,-0.000,50.029,662.487
364,457.500,365.793,137.558,225.839,-0.000,50.867,675.927
365,457.500,362.195,142.954,227.745,-0.000,53.129,688.270
366,457.500,360.061,146.156,229.694,-0.000,53.238,698.461
367,457.500,359.573,146.887,231.652,-0.000,50.888,706.192
368,457.500,357.988,149.265,233.643,-0.000,50.215,715.601
369,457.500,355.244,153.381,235.688,-0.000,50.075,728.063
370,457.500,351.037,159.692,237.817,-0.000,52.214,742.804
371,457.500,347.195,165.454,240.023,-0.000,55.142,755.813
372,457.500,344.024,170.210,242.292,-0.000,58.387,766.619
373,457.500,340.488,175.515,244.633,-0.000,59.731,780.565
374,457.500,338.537,178.442,247.012,-0.000,59.996,790.912
375,457.500,337.256,180.363,249.417,-0.000,58.021,801.538
376,457.500,334.695,184.204,251.873,-0.000,58.018,814.137
377,457.500,330.732,190.149,254.408,-0.000,60.197,828.918
378,457.500,327.134,195.546,257.015,-0.000,63.160,841.962
379,457.500,324.451,199.570,259.676,-0.000,64.805,853.688
380,457.500,323.110,201.582,262.364,-0.000,64.464,863.429
381,457.500,321.098,204.601,265.092,-0.000,63.909,875.476
382,457.500,317.805,209.540,267.886,-0.000,65.341,889.510
383,457.500,313.720,215.668,270.762,-0.000,68.044,904.815
384,457.500,309.451,222.070,273.723,-0.000,72.366,919.219
385,457.500,305.854,227.466,276.755,-0.000,74.495,933.949
386,457.500,304.939,228.838,279.807,-0.000,72.617,944.673
387,457.500,305.061,228.656,282.855,-0.000,69.182,953.840
388,457.500,303.720,230.668,285.931,-0.000,67.969,965.229
389,457.500,299.817,236.521,289.085,-0.000,70.675,980.537
390,457.500,296.159,242.009,292.311,-0.000,73.089,995.552
391,457.500,293.902,245.393,295.583,-0.000,70.923,1011.030
392,457.500,295.183,243.473,298.830,-0.000,69.729,1014.876
393,457.500,299.451,237.070,301.990,-0.000,89.171,988.950
394,457.500,332.256,187.863,304.495,-0.000,82.795,901.922
395,457.500,385.122,108.564,305.943,-0.000,57.872,771.142
396,457.500,434.268,34.845,306.407,-0.000,38.805,643.699
397,457.500,495.915,-57.625,305.639,-0.000,4.797,491.232
398,457.500,547.195,-134.546,303.845,0.000,18.469,357.068
399,457.500,586.159,-192.991,301.272,0.000,32.860,249.423
400,457.500,622.439,-247.412,297.973,0.000,40.172,141.295
401,457.500,647.805,-285.460,294.167,0.000,41.701,59.114
402,457.500,676.159,-327.991,289.794,0.000,57.099,19.295
403,457.500,707.378,-374.820,284.796,0.000,82.462,97.586
404,457.500,729.634,-408.204,279.353,0.000,103.646,154.055
405,457.500,731.098,-410.399,273.881,0.000,99.971,173.064
406,457.500,719.329,-392.747,268.645,0.000,76.214,171.990
407,457.500,709.329,-377.747,263.608,0.000,53.648,174.629
408,457.500,703.415,-368.875,258.690,0.000,47.174,173.196
409,457.500,701.585,-366.131,253.808,0.000,48.052,176.594
410,457.500,698.598,-361.649,248.986,0.000,49.652,175.674
411,457.500,692.439,-352.412,244.287,0.000,47.634,168.615
412,457.500,682.195,-337.046,239.793,0.000,43.063,151.442
413,457.500,668.781,-316.924,235.568,0.000,32.207,130.505
414,457.500,651.281,-290.674,231.692,0.000,11.093,106.870
415,457.500,621.402,-245.857,228.414,0.000,34.226,69.112
416,457.500,589.634,-198.204,225.771,0.000,85.537,30.403
417,457.500,570.915,-170.125,223.503,0.000,112.608,5.852
418,457.500,571.463,-170.948,221.224,0.000,110.766,10.215
419,457.500,579.756,-183.387,218.778,0.000,99.662,28.880
420,457.500,583.841,-189.515,216.252,0.000,92.268,38.795
421,457.500,585.305,-191.710,213.695,0.000,88.777,44.806
422,457.500,582.317,-187.229,211.199,0.000,90.762,42.821
423,457.500,581.220,-185.582,208.725,0.000,89.934,43.649
424,457.500,588.659,-196.741,206.101,0.000,77.412,58.691
425,457.500,594.451,-205.430,203.362,0.000,71.025,75.160
426,457.500,588.720,-196.832,200.738,0.000,78.258,70.447
427,457.500,572.256,-172.137,198.443,0.000,101.918,49.307
428,457.500,554.146,-144.973,196.510,0.000,128.410,25.336
429,457.500,540.610,-124.668,194.848,0.000,149.573,9.213
430,457.500,530.122,-108.936,193.395,0.000,166.373,2.545
431,457.500,520.000,-93.753,192.145,0.000,180.306,16.478
432,457.500,516.951,-89.180,190.956,0.000,186.210,17.342
433,457.500,522.317,-97.229,189.660,0.000,181.906,2.956
434,457.500,529.634,-108.204,188.217,0.000,173.268,13.243
435,457.500,530.061,-108.844,186.766,0.000,173.697,17.855
436,456.000,526.829,-106.247,185.349,0.000,176.138,17.934
437,454.500,528.232,-110.601,183.874,0.000,172.830,26.283
438,453.000,533.293,-120.442,182.268,0.000,162.643,38.990
439,451.500,540.000,-132.753,180.498,0.000,152.343,56.852
440,450.000,544.329,-141.497,178.612,0.000,142.972,68.742
441,448.500,546.281,-146.674,176.656,0.000,137.100,77.135
442,447.000,545.061,-147.094,174.695,0.000,137.238,82.037
443,445.500,541.463,-143.948,172.776,0.000,137.205,79.550
444,444.000,540.122,-144.186,170.853,0.000,135.045,81.710
445,442.500,540.488,-146.985,168.893,0.000,131.546,87.729
446,441.000,540.366,-149.052,166.906,0.000,130.012,94.304
447,439.500,539.207,-149.564,164.912,0.000,126.246,95.550
448,438.000,537.805,-149.710,162.916,0.000,125.364,98.953
449,436.500,536.463,-149.948,160.916,0.000,121.866,99.930
450,435.000,534.329,-148.997,158.930,0.000,118.310,98.445
451,433.500,531.829,-147.497,156.963,0.000,116.584,97.651
452,432.000,529.573,-146.363,155.012,0.000,115.766,98.469
453,430.500,526.707,-144.314,153.087,0.000,115.891,98.344
454,429.000,523.476,-141.716,151.198,0.000,115.339,96.376
455,427.500,520.549,-139.576,149.337,0.000,114.358,94.836
456,426.000,518.293,-138.442,147.491,0.000,109.866,91.768
457,424.500,515.366,-136.302,145.674,0.000,107.668,88.924
458,423.000,513.659,-135.991,143.860,0.000,104.906,89.166
459,421.500,512.195,-136.046,142.046,0.000,101.777,89.775
460,420.000,507.683,-131.527,140.293,0.000,102.021,84.490
461,418.500,501.159,-123.991,138.640,0.000,105.384,76.086
462,417.000,495.976,-118.466,137.060,0.000,105.548,68.361
463,415.500,493.232,-116.601,135.505,0.000,100.818,63.009
464,414.000,493.963,-119.948,133.906,0.000,92.091,64.175
465,412.500,494.451,-122.930,132.267,0.000,87.470,68.796
466,411.000,491.220,-120.332,130.662,0.000,84.683,64.022
467,409.500,485.000,-113.253,129.152,0.000,86.472,54.673
468,408.000,480.061,-108.094,127.711,0.000,87.668,48.435
469,406.500,476.341,-104.765,126.314,0.000,85.820,42.722
470,405.000,473.354,-102.534,124.947,0.000,82.904,38.077
471,403.500,472.500,-103.503,123.567,0.000,78.034,37.906
472,402.000,471.951,-104.930,122.168,0.000,70.168,35.691
473,400.500,468.659,-102.241,120.805,0.000,67.713,30.585
474,399.000,462.805,-95.710,119.529,0.000,67.927,20.290
475,397.500,456.280,-88.174,118.353,0.000,70.507,10.148
476,396.000,450.000,-81.003,117.273,0.000,72.817,0.277
477,394.500,446.646,-78.223,116.230,0.000,70.774,5.241
478,393.000,444.756,-77.637,115.195,0.000,67.804,7.312
479,391.500,441.829,-75.497,114.188,0.000,66.417,10.966
480,390.000,437.744,-71.619,113.233,0.000,65.560,17.669
481,388.500,432.927,-66.643,112.345,0.000,65.866,25.537
482,387.000,429.695,-64.046,111.491,0.000,62.569,32.321
483,385.500,428.780,-64.924,110.625,0.000,59.565,31.838
484,384.000,429.756,-68.637,109.710,0.000,51.156,30.990
485,382.500,428.598,-69.149,108.788,0.000,47.202,32.076
486,381.000,425.976,-67.466,107.889,0.000,44.204,36.640
487,379.500,423.354,-65.784,107.011,0.000,42.490,39.966
488,378.000,422.500,-66.753,106.121,0.000,36.850,41.887
489,376.500,421.707,-67.814,105.217,0.000,31.104,43.702
490,375.000,419.512,-66.771,104.327,0.000,27.476,47.635
491,373.500,417.744,-66.369,103.442,0.000,23.213,50.933
492,372.000,416.524,-66.790,102.551,0.000,19.381,52.143
493,370.500,415.366,-67.302,101.654,0.000,15.451,53.253
494,369.000,414.085,-67.631,100.752,0.000,9.179,57.063
495,367.500,412.927,-68.143,99.844,0.000,5.238,58.163
496,366.000,411.829,-68.747,98.927,0.000,1.323,61.683
497,364.500,410.732,-69.351,98.002,0.000,5.371,62.675
498,363.000,409.756,-70.137,97.067,0.000,8.353,62.214
499,361.500,407.683,-69.277,96.144,0.000,9.677,63.410
500,360.000,402.683,-64.027,95.290,0.000,10.322,72.847
501,358.500,398.049,-59.326,94.499,0.000,10.192,80.538
502,357.000,398.171,-61.759,93.675,0.000,17.229,81.062
503,355.500,400.427,-67.393,92.777,0.000,25.022,75.789
504,354.000,400.122,-69.186,91.854,0.000,31.518,76.855
505,352.500,397.988,-68.235,90.945,0.000,33.997,79.416
506,351.000,398.354,-71.034,89.997,0.000,40.263,78.191
507,349.500,399.207,-74.564,89.003,0.000,47.308,76.187
508,348.000,396.463,-72.698,88.034,0.000,48.932,79.604
509,346.500,390.305,-65.710,87.158,0.000,45.341,88.236
510,345.000,385.183,-60.277,86.354,0.000,43.232,95.385
511,343.500,381.402,-56.857,85.596,0.000,44.350,101.828
512,342.000,381.463,-59.198,84.807,0.000,50.001,101.218
513,340.500,383.110,-63.918,83.954,0.000,56.833,96.906
514,339.000,383.476,-66.716,83.065,0.000,63.041,95.738
515,337.500,378.963,-62.198,82.236,0.000,63.133,103.208
516,336.000,372.744,-55.119,81.501,0.000,58.049,110.813
517,334.500,368.232,-50.601,80.826,0.000,56.726,117.177
518,333.000,366.098,-49.649,80.164,0.000,57.697,118.726
519,331.500,365.549,-51.076,79.483,0.000,61.065,117.878
520,330.000,365.732,-53.601,78.768,0.000,65.564,115.899
521,328.500,365.915,-56.125,78.020,0.000,71.357,115.147
522,327.000,365.610,-57.918,77.248,0.000,75.182,113.842
523,325.500,361.890,-54.588,76.520,0.000,72.581,116.444
524,324.000,356.341,-48.515,75.873,0.000,68.414,123.130
525,322.500,352.378,-44.820,75.275,0.000,67.837,128.748
526,321.000,350.061,-43.594,74.694,0.000,67.193,129.392
527,319.500,349.329,-44.747,74.098,0.000,68.942,127.643
528,318.000,349.024,-46.540,73.477,0.000,72.615,126.490
529,316.500,348.537,-48.058,72.836,0.000,76.035,125.592
530,315.000,348.049,-49.576,72.175,0.000,78.214,123.412
531,313.500,347.805,-51.460,71.489,0.000,80.784,120.842
532,312.000,347.256,-52.887,70.784,0.000,81.656,117.450
533,310.500,344.756,-51.387,70.099,0.000,79.581,117.004
534,309.000,340.854,-47.784,69.462,0.000,76.615,119.971
535,307.500,336.280,-43.174,68.886,0.000,72.580,124.005
536,306.000,334.207,-42.314,68.322,0.000,72.285,124.301
537,304.500,333.049,-42.826,67.751,0.000,72.108,121.957
538,303.000,332.378,-44.070,67.163,0.000,71.419,117.605
539,301.500,332.134,-45.954,66.551,0.000,72.656,113.848
540,300.000,331.220,-46.832,65.926,0.000,72.898,111.086
541,298.500,329.024,-45.790,65.316,0.000,72.466,111.518
542,297.000,326.585,-44.381,64.724,0.000,69.129,109.814
543,295.500,325.488,-44.985,64.124,0.000,69.072,107.351
544,294.000,325.854,-47.784,63.487,0.000,71.248,102.654
545,292.500,324.695,-48.296,62.843,0.000,68.623,97.718
546,291.000,320.732,-44.601,62.248,0.000,63.002,98.298
547,289.500,312.622,-34.686,61.786,0.000,52.290,106.490
548,288.000,306.768,-28.155,61.410,0.000,44.875,111.385
549,286.500,305.183,-28.027,61.037,0.000,43.860,109.879
550,285.000,307.012,-33.021,60.596,0.000,45.514,100.664
551,283.500,309.085,-38.381,60.085,0.000,47.605,91.012
552,282.000,309.268,-40.905,59.539,0.000,49.414,86.682
553,280.500,305.732,-37.851,59.035,0.000,44.344,86.712
554,279.000,300.793,-32.692,58.599,0.000,37.101,88.914
555,277.500,297.073,-29.363,58.207,0.000,31.643,89.332
556,276.000,295.244,-28.869,57.822,0.000,29.013,86.920
557,274.500,295.671,-31.759,57.399,0.000,29.807,81.086
558,273.000,295.976,-34.466,56.939,0.000,30.453,75.399
559,271.500,295.122,-35.436,56.467,0.000,29.375,71.437
560,270.000,292.988,-34.485,56.007,0.000,25.103,68.147
561,268.500,289.451,-31.430,55.588,0.000,18.686,67.003
562,267.000,284.085,-25.631,55.246,0.000,9.449,68.679
563,265.500,276.646,-16.722,55.023,0.000,1.757,74.844
564,264.000,269.573,-8.363,54.912,0.000,11.265,81.832
565,262.500,280.976,-27.716,54.542,0.000,5.937,59.589
566,261.000,265.061,-6.094,54.461,0.000,19.384,77.349
567,259.500,266.341,-10.265,54.324,0.000,18.857,69.261
568,258.000,267.195,-13.796,54.140,0.000,17.663,63.026
569,256.500,266.707,-15.314,53.936,0.000,18.461,58.783
570,255.000,263.963,-13.448,53.757,0.000,23.928,56.689
571,253.500,258.049,-6.826,53.666,0.000,34.239,59.440
572,252.000,253.354,-2.034,53.638,0.000,41.525,61.685
573,250.500,251.220,-1.082,53.624,0.000,44.982,60.101
574,249.000,249.817,-1.229,53.608,0.000,48.600,56.158
575,247.500,248.293,-1.192,53.592,0.000,51.141,53.658
576,246.000,246.707,-1.064,53.578,0.000,55.036,49.992
577,244.500,246.280,-2.674,53.542,0.000,57.171,44.566
578,243.000,247.378,-6.570,53.454,0.000,54.447,39.321
579,241.500,247.439,-8.912,53.336,0.000,55.767,33.081
580,240.000,245.183,-7.777,53.232,0.000,59.318,31.591
581,238.500,242.073,-5.363,53.160,0.000,65.442,30.153
582,237.000,240.366,-5.052,53.093,0.000,69.466,26.616
583,235.500,238.841,-5.015,53.026,0.000,71.956,24.066
584,234.000,236.341,-3.515,52.979,0.000,75.930,22.998
585,232.500,230.488,3.015,53.019,0.000,85.021,27.049
586,231.000,222.988,12.015,53.180,-0.000,99.222,31.168
587,229.500,220.244,13.881,53.365,-0.000,101.273,33.219
588,228.000,222.317,8.521,53.478,-0.000,97.287,26.713
589,226.500,229.512,-4.521,53.418,-0.000,86.704,11.089
590,225.000,234.878,-14.820,53.220,0.000,81.248,4.448
591,223.500,236.220,-19.082,52.966,0.000,79.252,11.485
592,222.000,233.049,-16.576,52.745,0.000,84.058,11.720