1,1.500,-0.000,0.375,0.584,0.000,0.959,0.959
2,3.000,0.122,0.719,0.613,-0.000,1.332,1.332
3,4.500,0.183,1.079,0.656,-0.000,1.735,1.735
4,6.000,0.122,1.469,0.715,-0.000,2.184,2.184
5,7.500,0.183,1.829,0.788,-0.000,2.617,2.617
6,9.000,0.122,2.219,0.877,-0.000,3.096,3.096
7,10.500,0.061,2.609,0.981,-0.000,3.591,3.591
8,12.000,0.122,2.969,1.100,-0.000,4.069,4.069
9,13.500,0.183,3.329,1.233,-0.000,4.562,4.562
10,15.000,0.061,3.734,1.383,-0.000,5.117,5.117
11,16.500,-0.061,4.140,1.548,-0.000,5.688,5.688
12,18.000,-0.000,4.499,1.728,-0.000,6.228,6.228
13,19.500,0.122,4.844,1.922,-0.000,6.766,6.766
14,21.000,0.244,5.189,2.130,-0.000,7.318,7.318
15,22.500,0.061,5.609,2.354,-0.000,7.963,7.963
16,24.000,-0.000,5.999,2.594,-0.000,8.593,8.593
17,25.500,0.183,6.329,2.847,-0.000,9.176,9.176
18,27.000,0.305,6.673,3.114,-0.000,9.787,9.787
19,28.500,0.061,7.109,3.398,-0.000,10.508,10.508
20,30.000,-0.122,7.530,3.700,-0.000,11.230,11.230
21,31.500,-0.061,7.890,4.015,-0.000,11.905,11.905
22,33.000,0.183,8.204,4.343,-0.000,12.547,12.547
23,34.500,0.183,8.579,4.686,-0.000,13.265,13.265
24,36.000,0.061,8.984,5.046,-0.000,14.030,14.030
25,37.500,-0.000,9.375,5.421,-0.000,14.795,14.795
26,39.000,0.183,9.704,5.809,-0.000,15.513,15.513
27,40.500,0.061,10.109,6.213,-0.000,16.323,16.323
28,42.000,0.122,10.469,6.632,-0.000,17.101,17.101
29,43.500,0.183,10.829,7.065,-0.000,17.894,17.894
30,45.000,0.061,11.234,7.515,-0.000,18.749,18.749
31,46.500,0.061,11.609,7.979,-0.000,19.588,19.588
32,48.000,0.061,11.984,8.458,-0.000,20.443,20.443
33,49.500,0.244,12.314,8.951,-0.000,21.264,21.264
34,51.000,0.183,12.704,9.459,-0.000,22.163,22.163
35,52.500,0.122,13.094,9.983,-0.000,23.077,23.077
36,54.000,0.244,13.439,10.520,-0.000,23.959,23.959
37,55.500,0.244,13.814,11.073,-0.000,24.886,24.886
38,57.000,0.366,14.158,11.639,-0.000,25.797,25.797
39,58.500,0.427,14.518,12.220,-0.000,26.738,26.738
40,60.000,0.122,14.969,12.819,-0.000,27.788,27.788
41,61.500,-0.183,15.420,13.436,-0.000,28.856,28.856
42,63.000,-0.000,15.750,14.066,-0.000,29.815,29.815
43,64.500,-0.000,16.125,14.710,-0.000,30.835,30.835
44,66.000,-0.000,16.500,15.370,-0.000,31.870,31.870
45,67.500,0.122,16.844,16.044,-0.000,32.888,32.888
46,69.000,0.122,17.219,16.733,-0.000,33.952,33.952
47,70.500,0.061,17.609,17.437,-0.000,35.047,35.047
48,72.000,0.122,17.969,18.156,-0.000,36.125,36.125
49,73.500,-0.000,18.375,18.891,-0.000,37.266,37.266
50,75.000,-0.061,18.765,19.642,-0.000,38.406,38.406
51,76.500,-0.061,19.140,20.407,-0.000,39.547,39.547
52,78.000,-0.122,19.530,21.188,-0.000,40.718,40.718
53,79.500,0.122,19.844,21.982,-0.000,41.826,41.826
54,81.000,0.183,20.204,22.790,-0.000,42.994,42.994
55,82.500,0.061,20.609,23.615,-0.000,44.224,44.224
56,84.000,0.122,20.969,24.454,-0.000,45.423,45.423
57,85.500,0.244,21.314,25.306,-0.000,46.620,46.620
58,87.000,0.122,21.719,26.175,-0.000,47.894,47.894
59,88.500,0.061,22.109,27.059,-0.000,49.168,49.168
60,90.000,0.122,22.469,27.958,-0.000,50.427,50.427
61,91.500,0.122,22.844,28.872,-0.000,51.716,51.716
62,93.000,-0.061,23.265,29.802,-0.000,53.067,53.067
63,94.500,0.122,23.594,30.746,-0.000,54.340,54.340
64,96.000,0.183,23.954,31.704,-0.000,55.658,55.658
65,97.500,0.061,24.359,32.679,-0.000,57.038,57.038
66,99.000,-0.000,24.750,33.669,-0.000,58.418,58.418
67,100.500,-0.061,25.140,34.674,-0.000,59.814,59.814
68,102.000,0.122,25.469,35.693,-0.000,61.162,61.162
69,103.500,0.183,25.829,36.726,-0.000,62.555,62.555
70,105.000,0.183,26.204,37.774,-0.000,63.978,63.978
71,106.500,0.122,26.594,38.838,-0.000,65.432,65.432
72,108.000,0.122,26.969,39.917,-0.000,66.886,66.886
73,109.500,-0.000,27.375,41.012,-0.000,68.386,68.386
74,111.000,-0.000,27.750,42.122,-0.000,69.871,69.871
75,112.500,0.061,28.109,43.246,-0.000,71.355,71.355
76,114.000,0.122,28.469,44.385,-0.000,72.854,72.854
77,115.500,0.183,28.829,45.538,-0.000,74.367,74.367
78,117.000,0.305,29.173,46.705,-0.000,75.878,75.878
79,118.500,0.366,29.533,47.886,-0.000,77.419,77.419
80,120.000,0.183,29.954,49.084,-0.000,79.038,79.038
81,121.500,-0.000,30.375,50.299,-0.000,80.674,80.674
82,123.000,-0.000,30.750,51.529,-0.000,82.279,82.279
83,124.500,0.122,31.094,52.773,-0.000,83.867,83.867
84,126.000,0.061,31.484,54.032,-0.000,85.517,85.517
85,127.500,-0.000,31.875,55.307,-0.000,87.182,87.182
86,129.000,-0.061,32.265,56.598,-0.000,88.863,88.863
87,130.500,-0.000,32.625,57.903,-0.000,90.528,90.528
88,132.000,-15.305,36.826,59.376,-0.000,96.202,96.202
89,133.500,0.305,33.298,60.708,-0.000,94.006,94.006
90,135.000,0.122,33.719,62.057,-0.000,95.776,95.776
91,136.500,0.061,34.109,63.421,-0.000,97.530,97.530
92,138.000,-0.000,34.500,64.801,-0.000,99.301,99.301
93,139.500,-0.000,34.875,66.196,-0.000,101.071,101.071
94,141.000,0.061,35.234,67.605,-0.000,102.840,102.840
95,142.500,0.061,35.609,69.030,-0.000,104.639,104.639
96,144.000,0.122,35.969,70.469,-0.000,106.438,106.438
97,145.500,0.122,36.344,71.922,-0.000,108.266,108.266
98,147.000,0.122,36.719,73.391,-0.000,110.110,110.110
99,148.500,0.122,37.094,74.875,-0.000,111.969,111.969
100,150.000,0.122,37.469,76.374,-0.000,113.843,113.843
101,151.500,0.244,37.814,77.886,-0.000,115.700,115.700
102,153.000,0.061,38.234,79.416,-0.000,117.650,117.650
103,154.500,-0.061,38.640,80.961,-0.000,119.601,119.601
104,156.000,0.061,38.984,82.520,-0.000,121.505,121.505
105,157.500,-0.061,39.390,84.096,-0.000,123.486,123.486
106,159.000,-0.000,39.750,85.686,-0.000,125.436,125.436
107,160.500,-0.000,40.125,87.291,-0.000,127.416,127.416
108,162.000,-1.402,40.850,88.925,-0.000,129.775,129.775
109,163.500,3.110,40.097,90.529,-0.000,129.366,131.886
110,165.000,3.841,40.289,92.140,-0.000,129.909,134.950
111,166.500,20.427,36.518,93.601,-0.000,127.599,132.639
112,168.000,68.293,24.926,94.598,-0.000,117.004,122.045
113,169.500,109.329,15.042,95.200,-0.000,107.722,112.763
114,171.000,126.098,11.225,95.649,-0.000,105.614,108.134
115,172.500,133.720,9.695,96.037,-0.000,104.471,106.992
116,174.000,136.829,9.292,96.408,-0.000,105.701,105.701
117,175.500,146.951,7.137,96.694,-0.000,102.570,105.091
118,177.000,163.110,3.472,96.833,-0.000,100.305,100.305
119,178.500,182.073,-0.894,96.797,-0.000,95.903,95.903
120,180.000,189.268,-2.318,96.704,0.000,95.647,93.127
121,181.500,194.817,-3.330,96.571,0.000,94.502,91.981
122,183.000,202.805,-4.952,96.373,0.000,92.682,90.161
123,184.500,211.829,-6.833,96.100,0.000,91.787,86.747
124,186.000,221.524,-8.882,95.744,0.000,90.643,83.082
125,187.500,233.537,-11.510,95.284,0.000,86.295,81.254
126,189.000,240.915,-12.979,94.765,0.000,84.306,79.265
127,190.500,246.524,-14.007,94.205,0.000,83.979,76.417
128,192.000,255.976,-15.994,93.565,0.000,81.351,73.790
129,193.500,261.524,-17.007,92.885,0.000,80.919,70.837
130,195.000,265.488,-17.622,92.180,0.000,80.858,68.256
131,196.500,274.268,-19.443,91.402,0.000,78.260,65.658
132,198.000,280.000,-20.500,90.582,0.000,75.122,65.041
133,199.500,283.720,-21.055,89.740,0.000,76.246,61.123
134,201.000,291.951,-22.738,88.830,0.000,74.913,57.271
135,202.500,297.683,-23.796,87.878,0.000,71.643,56.521
136,204.000,298.720,-23.680,86.931,0.000,70.812,55.690
137,205.500,302.317,-24.205,85.963,0.000,69.319,54.197
138,207.000,309.085,-25.522,84.942,0.000,68.242,50.599
139,208.500,313.354,-26.214,83.894,0.000,65.241,50.118
140,210.000,320.549,-27.638,82.788,0.000,63.972,46.329
141,211.500,325.549,-28.513,81.648,0.000,61.956,44.313
142,213.000,325.854,-28.214,80.519,0.000,62.387,42.223
143,214.500,327.378,-28.220,79.390,0.000,61.252,41.089
144,216.000,330.793,-28.699,78.242,0.000,59.625,39.462
145,217.500,331.951,-28.613,77.098,0.000,57.306,39.663
146,219.000,335.061,-29.016,75.937,0.000,55.743,38.100
147,220.500,338.780,-29.571,74.754,0.000,55.265,35.102
148,222.000,340.732,-29.683,73.567,0.000,53.965,33.802
149,223.500,340.793,-29.324,72.394,0.000,53.152,32.989
150,225.000,342.866,-29.467,71.215,0.000,51.830,31.667
151,226.500,345.244,-29.686,70.028,0.000,50.423,30.260
152,228.000,346.646,-29.662,68.841,0.000,49.261,29.098
153,229.500,348.902,-29.851,67.647,0.000,49.138,26.454
154,231.000,349.756,-29.690,66.460,0.000,48.112,25.428
155,232.500,347.866,-28.842,65.306,0.000,47.806,25.122
156,234.000,346.159,-28.040,64.184,0.000,46.226,26.063
157,235.500,348.293,-28.199,63.056,0.000,44.939,24.776
158,237.000,352.073,-28.769,61.906,0.000,43.219,23.055
159,238.500,354.512,-29.004,60.746,0.000,43.084,20.400
160,240.000,355.122,-28.781,59.594,0.000,42.155,19.472
161,241.500,351.951,-27.613,58.490,0.000,42.218,19.535
162,243.000,348.537,-26.385,57.434,0.000,42.392,19.708
163,244.500,348.476,-25.994,56.395,0.000,41.742,19.058
164,246.000,350.000,-26.000,55.355,0.000,40.696,18.012
165,247.500,351.707,-26.052,54.313,0.000,40.862,15.658
166,249.000,352.988,-25.997,53.273,0.000,38.617,15.933
167,250.500,350.366,-24.967,52.274,0.000,38.649,15.965
168,252.000,346.768,-23.693,51.326,0.000,38.975,16.292
169,253.500,345.671,-23.043,50.405,0.000,38.703,16.020
170,255.000,346.463,-22.866,49.490,0.000,36.705,16.542
171,256.500,347.805,-22.827,48.577,0.000,37.092,14.408
172,258.000,349.207,-22.802,47.665,0.000,36.204,13.521
173,259.500,349.268,-22.443,46.767,0.000,35.666,12.983
174,261.000,347.561,-21.641,45.901,0.000,35.602,12.919
175,262.500,345.854,-20.839,45.068,0.000,35.571,12.887
176,264.000,343.963,-19.991,44.268,0.000,35.619,12.935
177,265.500,342.500,-19.250,43.498,0.000,34.329,14.166
178,267.000,340.732,-18.433,42.761,0.000,33.149,15.506
179,268.500,339.817,-17.830,42.048,0.000,33.039,15.396
180,270.000,341.829,-17.958,41.329,0.000,32.193,14.550
181,271.500,342.927,-17.857,40.615,0.000,32.839,12.676
182,273.000,341.707,-17.177,39.928,0.000,32.832,12.669
183,274.500,338.659,-16.040,39.286,0.000,30.807,15.685
184,276.000,335.915,-14.979,38.687,0.000,31.269,16.147
185,277.500,334.451,-14.238,38.118,0.000,32.701,15.058
186,279.000,333.110,-13.528,37.577,0.000,31.610,16.487
187,280.500,331.098,-12.650,37.071,0.000,31.982,16.859
188,282.000,329.146,-11.787,36.599,0.000,32.373,17.251
189,283.500,327.744,-11.061,36.157,0.000,32.656,17.534
190,285.000,326.280,-10.321,35.744,0.000,31.724,19.122
191,286.500,324.756,-9.565,35.361,0.000,32.098,19.496
192,288.000,326.890,-9.723,34.972,0.000,30.290,20.208
193,289.500,329.695,-10.049,34.570,0.000,30.822,18.220
194,291.000,328.659,-9.415,34.194,0.000,29.819,19.738
195,292.500,325.366,-8.217,33.865,0.000,30.689,20.607
196,294.000,323.780,-7.446,33.567,0.000,31.162,21.081
197,295.500,323.110,-6.903,33.291,0.000,30.169,22.608
198,297.000,321.098,-6.025,33.050,0.000,30.806,23.245
199,298.500,320.244,-5.436,32.833,0.000,31.177,23.616
200,300.000,319.085,-4.772,32.642,0.000,30.390,25.349
201,301.500,318.293,-4.199,32.474,0.000,30.796,25.755
202,303.000,320.427,-4.357,32.299,0.000,30.463,25.422
203,304.500,322.927,-4.607,32.115,0.000,30.028,24.988
204,306.000,321.402,-3.851,31.961,0.000,30.631,25.590
205,307.500,318.598,-2.775,31.850,0.000,30.336,27.815
206,309.000,316.098,-1.775,31.779,0.000,31.265,28.744
207,310.500,315.000,-1.125,31.734,0.000,33.129,28.088
208,312.000,314.024,-0.507,31.714,0.000,32.468,29.947
209,313.500,314.634,-0.284,31.703,0.000,32.679,30.158
210,315.000,314.024,0.243,31.712,0.000,31.956,31.956
211,316.500,312.134,1.091,31.756,-0.000,34.107,31.587
212,318.000,312.866,1.283,31.807,-0.000,33.090,33.090
213,319.500,313.476,1.506,31.867,-0.000,34.633,32.113
214,321.000,310.244,2.689,31.975,-0.000,34.664,34.663
215,322.500,306.707,3.948,32.133,-0.000,37.341,34.820
216,324.000,305.366,4.658,32.319,-0.000,38.238,35.717
217,325.500,307.073,4.606,32.503,-0.000,37.110,37.110
218,327.000,312.195,3.701,32.651,-0.000,37.612,35.092
219,328.500,315.793,3.176,32.779,-0.000,35.955,35.955
220,330.000,315.671,3.582,32.922,-0.000,37.764,35.243
221,331.500,311.159,5.085,33.125,-0.000,38.210,38.210
222,333.000,308.659,6.085,33.369,-0.000,39.454,39.453
223,334.500,309.756,6.185,33.616,-0.000,41.062,38.541
224,336.000,313.049,5.737,33.846,-0.000,40.843,38.323
225,337.500,315.915,5.396,34.061,-0.000,40.717,38.197
226,339.000,317.012,5.496,34.281,-0.000,42.298,37.257
227,340.500,315.122,6.344,34.535,-0.000,43.399,38.359
228,342.000,313.659,7.085,34.818,-0.000,44.424,39.383
229,343.500,316.585,6.728,35.087,-0.000,43.076,40.555
230,345.000,320.854,6.036,35.329,-0.000,43.885,38.845
231,346.500,323.415,5.771,35.560,-0.000,45.111,37.550
232,348.000,324.756,5.810,35.792,-0.000,45.383,37.822
233,349.500,323.659,6.460,36.051,-0.000,46.291,38.730
234,351.000,322.195,7.201,36.339,-0.000,48.580,38.498
235,352.500,324.085,7.103,36.623,-0.000,48.767,38.685
236,354.000,327.622,6.594,36.886,-0.000,48.521,38.440
237,355.500,329.878,6.405,37.143,-0.000,48.589,38.507
238,357.000,330.915,6.521,37.404,-0.000,48.965,38.884
239,358.500,331.951,6.637,37.669,-0.000,50.607,38.005
240,360.000,334.024,6.493,37.929,-0.000,50.723,38.121
241,361.500,337.195,6.076,38.172,-0.000,50.548,37.946
242,363.000,341.585,5.353,38.386,-0.000,50.040,37.438
243,364.500,342.805,5.423,38.603,-0.000,51.587,36.465
244,366.000,342.988,5.753,38.833,-0.000,53.407,35.764
245,367.500,343.049,6.112,39.077,-0.000,52.751,37.629
246,369.000,344.085,6.228,39.327,-0.000,53.116,37.993
247,370.500,346.402,6.024,39.567,-0.000,53.153,38.030
248,372.000,350.671,5.332,39.781,-0.000,52.674,37.551
249,373.500,352.378,5.280,39.992,-0.000,52.833,37.711
250,375.000,351.280,5.929,40.229,-0.000,53.720,38.597
251,376.500,352.378,6.030,40.470,-0.000,55.322,37.679
252,378.000,355.671,5.582,40.694,-0.000,55.097,37.454
253,379.500,359.146,5.088,40.897,-0.000,54.806,37.164
254,381.000,362.683,4.579,41.080,-0.000,54.480,36.838
255,382.500,363.841,4.664,41.267,-0.000,54.752,37.110
256,384.000,362.195,5.451,41.485,-0.000,55.757,38.114
257,385.500,362.683,5.704,41.713,-0.000,54.978,39.856
258,387.000,366.829,5.042,41.915,-0.000,55.778,38.135
259,388.500,369.939,4.640,42.100,-0.000,56.822,36.658
260,390.000,372.012,4.496,42.280,-0.000,55.598,37.955
261,391.500,373.354,4.536,42.462,-0.000,55.819,38.176
262,393.000,375.000,4.499,42.642,-0.000,55.962,38.320
263,394.500,378.659,3.960,42.800,-0.000,54.321,39.199
264,396.000,382.988,3.253,42.930,-0.000,55.004,37.361
265,397.500,386.402,2.774,43.041,-0.000,55.896,35.733
266,399.000,387.134,2.966,43.160,-0.000,54.947,37.304
267,400.500,386.098,3.600,43.304,-0.000,56.985,36.822
268,402.000,386.341,3.914,43.460,-0.000,56.196,38.553
269,403.500,387.073,4.106,43.624,-0.000,55.292,40.169
270,405.000,389.390,3.902,43.781,-0.000,55.244,40.121
271,406.500,395.366,2.783,43.892,-0.000,56.757,36.593
272,408.000,398.841,2.289,43.983,-0.000,53.834,38.711
273,409.500,399.512,2.496,44.083,-0.000,52.881,40.279
274,411.000,401.707,2.323,44.176,-0.000,52.800,40.198
275,412.500,405.915,1.646,44.242,-0.000,50.929,40.847
276,414.000,410.000,0.999,44.282,-0.000,50.322,40.241
277,415.500,412.622,0.719,44.311,-0.000,50.071,39.989
278,417.000,412.073,1.231,44.360,-0.000,50.632,40.550
279,418.500,411.402,1.774,44.431,-0.000,49.986,42.424
280,420.000,411.220,2.195,44.519,-0.000,50.494,42.933
281,421.500,414.207,1.823,44.592,-0.000,47.675,45.154
282,423.000,417.683,1.329,44.645,-0.000,47.234,44.713
283,424.500,418.354,1.536,44.706,-0.000,47.503,44.982
284,426.000,420.488,1.378,44.761,-0.000,46.139,46.139
285,427.500,423.232,1.067,44.804,-0.000,45.871,45.871
286,429.000,422.256,1.685,44.871,-0.000,45.297,47.817
287,430.500,421.402,2.274,44.962,-0.000,47.236,47.236
288,432.000,422.500,2.375,45.057,-0.000,47.432,47.432
289,433.500,424.085,2.353,45.152,-0.000,46.244,48.765
290,435.000,429.085,1.478,45.211,-0.000,45.428,47.949
291,436.500,433.537,0.740,45.240,-0.000,44.720,47.241
292,438.000,434.024,0.993,45.280,-0.000,43.753,48.794
293,439.500,434.695,1.201,45.328,-0.000,44.008,49.049
294,439.500,438.720,0.195,45.336,-0.000,43.010,48.051
295,439.500,439.939,-0.110,45.331,-0.000,43.961,46.481
296,439.500,438.841,0.164,45.338,0.000,42.982,48.023
297,439.500,440.244,-0.186,45.331,-0.000,41.363,48.925
298,439.500,443.171,-0.918,45.294,0.000,40.595,48.156
299,439.500,445.671,-1.543,45.232,0.000,38.648,48.730
300,439.500,445.854,-1.589,45.168,0.000,39.799,47.360
301,439.500,447.439,-1.985,45.089,0.000,38.063,48.145
302,439.500,447.378,-1.970,45.010,0.000,39.260,46.821
303,439.500,445.671,-1.543,44.949,0.000,39.625,47.186
304,439.500,445.915,-1.604,44.884,0.000,39.499,47.061
305,439.500,448.110,-2.153,44.798,0.000,37.604,47.686
306,439.500,452.134,-3.159,44.672,0.000,36.472,46.554
307,439.500,456.098,-4.150,44.506,0.000,35.315,45.397
308,439.500,455.000,-3.875,44.351,0.000,36.695,44.256
309,439.500,452.256,-3.190,44.223,0.000,35.993,46.075
310,439.500,453.476,-3.494,44.084,0.000,35.548,45.630
311,439.500,454.634,-3.784,43.932,0.000,35.107,45.189
312,439.500,454.085,-3.647,43.786,0.000,36.359,43.920
313,439.500,454.573,-3.769,43.636,0.000,36.086,43.648
314,439.500,456.829,-4.333,43.462,0.000,35.349,42.910
315,439.500,458.902,-4.851,43.268,0.000,34.636,42.198
316,439.500,460.549,-5.263,43.058,0.000,34.014,41.576
317,439.500,460.122,-5.156,42.851,0.000,35.175,40.216
318,439.500,458.476,-4.744,42.662,0.000,35.397,40.438
319,439.500,458.902,-4.851,42.468,0.000,35.096,40.137
320,439.500,459.207,-4.927,42.271,0.000,36.083,38.604
321,439.500,459.878,-5.095,42.067,0.000,34.451,39.492
322,439.500,460.061,-5.141,41.861,0.000,34.200,39.241
323,439.500,460.915,-5.354,41.647,0.000,35.032,37.553
324,439.500,460.671,-5.293,41.435,0.000,34.882,37.402
325,439.500,459.146,-4.912,41.239,0.000,36.326,36.327
326,439.500,459.207,-4.927,41.042,0.000,36.114,36.114
327,439.500,459.756,-5.065,40.839,0.000,37.035,34.515
328,439.500,458.415,-4.729,40.650,0.000,37.181,34.661
329,439.500,457.256,-4.440,40.472,0.000,38.553,33.513
330,439.500,456.585,-4.272,40.301,0.000,39.810,32.249
331,439.500,455.610,-4.028,40.140,0.000,39.893,32.332
332,439.500,456.220,-4.180,39.973,0.000,42.094,29.492
333,439.500,456.890,-4.348,39.799,0.000,43.012,27.890
334,439.500,456.463,-4.241,39.630,0.000,42.949,27.827
335,439.500,457.561,-4.516,39.449,0.000,41.234,28.632
336,439.500,458.293,-4.699,39.261,0.000,43.384,25.741
337,439.500,456.890,-4.348,39.087,0.000,43.560,25.918
338,439.500,456.402,-4.226,38.918,0.000,43.513,25.871
339,439.500,457.317,-4.455,38.740,0.000,43.106,25.464
340,439.500,457.683,-4.546,38.558,0.000,42.833,25.190
341,439.500,458.415,-4.729,38.369,0.000,42.461,24.818
342,439.500,458.598,-4.775,38.178,0.000,42.224,24.582
343,439.500,456.768,-4.318,38.005,0.000,42.509,24.866
344,439.500,453.598,-3.525,37.864,0.000,43.160,25.518
345,439.500,453.049,-3.388,37.729,0.000,43.162,25.520
346,439.500,453.841,-3.586,37.585,0.000,44.081,23.918
347,439.500,452.500,-3.250,37.455,0.000,45.546,22.863
348,439.500,449.695,-2.549,37.353,0.000,47.406,22.202
349,439.500,448.963,-2.366,37.258,0.000,46.234,23.550
350,439.500,451.463,-2.991,37.139,0.000,45.489,22.806
351,439.500,454.573,-3.769,36.988,0.000,44.561,21.878
352,439.500,455.976,-4.119,36.823,0.000,45.306,20.102
353,439.500,454.695,-3.799,36.671,0.000,46.734,19.010
354,439.500,452.683,-3.296,36.539,0.000,47.105,19.381
355,439.500,449.756,-2.565,36.437,0.000,47.735,20.010
356,439.500,446.402,-1.726,36.368,0.000,47.244,22.040
357,439.500,445.854,-1.589,36.304,0.000,47.317,22.113
358,439.500,449.146,-2.412,36.208,0.000,46.398,21.194
359,439.500,452.683,-3.296,36.076,0.000,46.642,18.918
360,439.500,454.756,-3.815,35.923,0.000,45.971,18.247
361,439.500,455.000,-3.875,35.768,0.000,45.755,18.031
362,439.500,453.841,-3.586,35.625,0.000,44.641,19.437
363,439.500,452.927,-3.357,35.491,0.000,44.735,19.532
364,439.500,453.415,-3.479,35.351,0.000,44.474,19.270
365,439.500,454.695,-3.799,35.200,0.000,44.002,18.798
366,439.500,456.220,-4.180,35.032,0.000,42.194,19.510
367,439.500,457.317,-4.455,34.854,0.000,41.741,19.058
368,439.500,456.402,-4.226,34.685,0.000,40.540,20.377
369,439.500,454.268,-3.693,34.537,0.000,40.926,20.763
370,439.500,452.683,-3.296,34.406,0.000,39.931,22.288
371,439.500,451.829,-3.083,34.282,0.000,40.021,22.378
372,439.500,452.073,-3.144,34.156,0.000,38.574,23.452
373,439.500,452.012,-3.129,34.031,0.000,38.464,23.342
374,439.500,452.500,-3.250,33.901,0.000,35.691,25.610
375,439.500,451.585,-3.022,33.780,0.000,35.799,25.718
376,439.500,448.841,-2.336,33.687,0.000,36.392,26.310
377,439.500,447.012,-1.879,33.612,0.000,36.774,26.693
378,439.500,445.976,-1.619,33.547,0.000,35.708,28.147
379,439.500,446.098,-1.650,33.481,0.000,35.612,28.051
380,439.500,447.500,-2.000,33.401,0.000,32.661,30.141
381,439.500,448.049,-2.138,33.316,0.000,32.438,29.918
382,439.500,447.500,-2.000,33.236,0.000,32.495,29.975
383,439.500,446.280,-1.696,33.168,0.000,32.732,30.212
384,439.500,443.902,-1.101,33.124,0.000,30.762,33.283
385,439.500,441.646,-0.537,33.102,0.000,31.305,33.826
386,439.500,439.573,-0.019,33.101,0.000,31.822,34.343
387,439.500,440.732,-0.308,33.089,0.000,30.260,35.301
388,439.500,444.024,-1.132,33.044,0.000,28.131,35.693
389,439.500,446.402,-1.726,32.975,0.000,27.468,35.030
390,439.500,446.220,-1.680,32.908,0.000,26.186,36.268
391,439.500,446.341,-1.711,32.839,0.000,24.827,37.430
392,439.500,445.244,-1.436,32.782,0.000,25.044,37.647
393,439.500,444.329,-1.208,32.733,0.000,23.964,39.087
394,439.500,445.061,-1.391,32.678,0.000,23.725,38.849
395,439.500,445.488,-1.497,32.618,0.000,21.038,41.202
396,439.500,445.000,-1.375,32.563,0.000,21.105,41.269
397,439.500,445.549,-1.513,32.502,0.000,20.908,41.072
398,439.500,445.000,-1.375,32.447,0.000,19.730,42.414
399,439.500,443.293,-0.949,32.409,0.000,18.858,44.063
400,439.500,443.537,-1.010,32.369,0.000,18.757,43.962
401,439.500,443.171,-0.918,32.332,0.000,17.551,45.277
402,439.500,441.890,-0.598,32.308,0.000,17.848,45.573
403,439.500,441.098,-0.400,32.292,0.000,18.030,45.755
404,439.500,441.585,-0.522,32.271,0.000,17.887,45.612
405,439.500,442.073,-0.644,32.246,0.000,17.739,45.464
406,439.500,441.951,-0.613,32.221,0.000,16.485,46.731
407,439.500,442.866,-0.842,32.187,0.000,16.223,46.468
408,439.500,443.354,-0.964,32.149,0.000,14.802,47.568
409,439.500,442.439,-0.735,32.119,0.000,15.001,47.767
410,439.500,442.866,-0.842,32.086,0.000,14.861,47.627
411,439.500,442.988,-0.872,32.051,0.000,14.795,47.561
412,439.500,441.341,-0.461,32.032,0.000,15.189,47.955
413,439.500,443.171,-0.918,31.996,0.000,15.955,46.200
414,439.500,446.220,-1.680,31.929,0.000,15.125,45.371
415,439.500,444.329,-1.208,31.880,0.000,15.550,45.795
416,439.500,439.878,-0.095,31.876,0.000,16.659,46.904
417,439.500,437.439,0.515,31.897,0.000,17.289,47.535
418,439.500,437.195,0.576,31.920,-0.000,16.113,48.879
419,439.500,438.293,0.301,31.932,-0.000,18.371,46.096
420,439.500,439.756,-0.065,31.930,-0.000,18.002,45.728
421,439.500,441.159,-0.415,31.913,0.000,17.635,45.360
422,439.500,445.671,-1.543,31.851,0.000,16.445,44.171
423,439.500,448.171,-2.168,31.764,0.000,15.734,43.459
424,439.500,448.110,-2.153,31.678,0.000,15.663,43.388
425,439.500,445.366,-1.467,31.620,0.000,17.550,42.755
426,439.500,444.146,-1.162,31.573,0.000,17.809,43.014
427,438.000,444.695,-1.674,31.506,0.000,17.229,42.434
428,436.500,443.780,-1.821,31.433,0.000,18.271,40.955
429,435.000,443.720,-2.180,31.346,0.000,19.084,39.248
430,433.500,445.061,-2.891,31.231,0.000,18.258,38.422
431,432.000,445.366,-3.342,31.097,0.000,17.673,37.837
432,430.500,443.110,-3.153,30.971,0.000,18.996,36.640
433,429.000,438.598,-2.400,30.875,0.000,20.913,36.037
434,427.500,432.927,-1.357,30.820,0.000,21.902,37.025
435,426.000,429.329,-0.833,30.787,0.000,23.653,36.256
436,424.500,429.024,-1.132,30.742,0.000,25.829,33.391
437,423.000,429.573,-1.644,30.676,0.000,25.251,32.813
438,421.500,430.732,-2.308,30.584,0.000,24.494,32.056
439,420.000,432.561,-3.141,30.458,0.000,24.796,29.838
440,418.500,431.707,-3.302,30.326,0.000,25.763,28.284
441,417.000,428.902,-2.976,30.207,0.000,28.491,25.971
442,415.500,427.134,-2.909,30.091,0.000,29.701,24.662
443,414.000,425.549,-2.888,29.975,0.000,29.607,24.568
444,412.500,424.085,-2.897,29.859,0.000,30.742,23.182
445,411.000,423.780,-3.196,29.731,0.000,30.316,22.756
446,409.500,424.146,-3.662,29.585,0.000,30.963,20.883
447,408.000,425.427,-4.357,29.411,0.000,31.354,18.753
448,406.500,426.646,-5.037,29.209,0.000,30.472,17.872
449,405.000,426.280,-5.321,28.996,0.000,31.236,16.115
450,403.500,424.207,-5.177,28.789,0.000,32.433,14.791
451,402.000,421.951,-4.988,28.590,0.000,32.422,14.781
452,400.500,418.963,-4.616,28.405,0.000,33.870,13.708
453,399.000,416.829,-4.458,28.227,0.000,33.850,13.688
454,397.500,415.061,-4.391,28.051,0.000,35.002,12.319
455,396.000,413.780,-4.446,27.873,0.000,34.769,12.087
456,394.500,413.476,-4.744,27.684,0.000,35.540,10.338
457,393.000,414.268,-5.318,27.471,0.000,33.494,10.812
458,391.500,414.085,-5.647,27.245,0.000,34.199,8.997
459,390.000,412.500,-5.626,27.020,0.000,33.996,8.793
460,388.500,410.122,-5.406,26.804,0.000,33.999,8.796
461,387.000,405.976,-4.744,26.614,0.000,34.471,9.268
462,385.500,400.793,-3.824,26.461,0.000,36.499,8.776
463,384.000,396.951,-3.238,26.331,0.000,35.694,10.492
464,382.500,396.159,-3.415,26.195,0.000,36.641,8.918
465,381.000,397.256,-4.065,26.032,0.000,34.569,9.366
466,379.500,396.951,-4.363,25.858,0.000,36.616,6.373
467,378.000,394.268,-4.068,25.695,0.000,35.489,7.766
468,376.500,391.341,-3.711,25.547,0.000,35.697,7.974
469,375.000,389.390,-3.598,25.403,0.000,35.666,7.943
470,373.500,388.537,-3.760,25.252,0.000,36.614,6.371
471,372.000,387.683,-3.921,25.095,0.000,35.036,7.313
472,370.500,386.159,-3.915,24.939,0.000,34.885,7.162
473,369.000,384.573,-3.894,24.783,0.000,34.751,7.028
474,367.500,383.780,-4.071,24.620,0.000,34.411,6.688
475,366.000,382.195,-4.049,24.458,0.000,34.270,6.548
476,364.500,380.061,-3.891,24.303,0.000,33.013,7.811
477,363.000,377.012,-3.504,24.163,0.000,32.000,9.318
478,361.500,375.061,-3.391,24.027,0.000,31.977,9.295
479,360.000,375.305,-3.827,23.874,0.000,31.388,8.706
480,358.500,375.976,-4.369,23.699,0.000,29.411,9.249
481,357.000,374.756,-4.440,23.521,0.000,29.163,9.001
482,355.500,371.220,-3.930,23.364,0.000,28.255,10.613
483,354.000,366.524,-3.132,23.239,0.000,27.668,12.547
484,352.500,364.207,-2.927,23.122,0.000,27.755,12.634
485,351.000,362.134,-2.784,23.011,0.000,26.527,13.926
486,349.500,360.366,-2.717,22.902,0.000,25.225,15.145
487,348.000,359.207,-2.802,22.790,0.000,23.767,16.207
488,346.500,358.659,-3.040,22.668,0.000,22.148,17.108
489,345.000,358.049,-3.263,22.538,0.000,21.795,16.755
490,343.500,356.890,-3.348,22.404,0.000,20.315,17.796
491,342.000,354.329,-3.083,22.280,0.000,19.197,19.198
492,340.500,351.463,-2.741,22.171,0.000,19.429,19.430
493,339.000,349.451,-2.613,22.066,0.000,18.192,20.714
494,337.500,346.951,-2.363,21.972,0.000,17.087,22.129
495,336.000,344.939,-2.235,21.882,0.000,14.606,24.688
496,334.500,359.085,-6.147,21.636,0.000,11.708,19.271
497,333.000,341.768,-2.193,21.549,0.000,13.055,25.658
498,331.500,339.329,-1.958,21.470,0.000,13.211,25.814
499,330.000,337.805,-1.952,21.392,0.000,10.619,28.262
500,328.500,339.207,-2.677,21.285,0.000,9.786,27.430
501,327.000,340.122,-3.281,21.154,0.000,7.791,27.955
502,325.500,337.012,-2.879,21.039,0.000,8.078,28.242
503,324.000,328.963,-1.241,20.989,0.000,8.406,31.090
504,322.500,323.598,-0.275,20.978,0.000,6.841,34.566
505,321.000,321.037,-0.010,20.978,0.000,5.845,36.091
506,319.500,322.500,-0.751,20.948,0.000,5.075,35.320
507,318.000,325.061,-1.766,20.877,0.000,2.728,35.494
508,316.500,325.610,-2.278,20.786,0.000,3.385,33.631
509,315.000,325.122,-2.531,20.685,0.000,1.771,34.537
510,313.500,322.134,-2.159,20.598,0.000,0.796,36.083
511,312.000,318.476,-1.619,20.534,0.000,0.011,37.818
512,310.500,317.805,-1.827,20.461,0.000,1.530,38.797
513,309.000,319.756,-2.690,20.353,0.000,1.240,36.567
514,307.500,319.817,-3.080,20.230,0.000,3.013,37.314
515,306.000,315.793,-2.449,20.132,0.000,2.480,37.847
516,304.500,313.293,-2.199,20.044,0.000,3.578,39.269
517,303.000,314.268,-2.818,19.931,0.000,3.050,37.277
518,301.500,315.549,-3.513,19.791,0.000,5.146,37.702
519,300.000,316.890,-4.223,19.622,0.000,6.025,36.822
520,298.500,317.378,-4.720,19.433,0.000,6.711,36.137
521,297.000,315.549,-4.638,19.248,0.000,6.814,36.034
522,295.500,313.110,-4.403,19.071,0.000,8.015,37.352
523,294.000,312.134,-4.534,18.890,0.000,7.068,35.780
524,292.500,310.732,-4.558,18.708,0.000,8.535,36.833
525,291.000,308.232,-4.308,18.535,0.000,7.197,35.651
526,289.500,306.585,-4.272,18.364,0.000,7.331,35.516
527,288.000,304.512,-4.129,18.199,0.000,7.353,35.494
528,286.500,304.390,-4.473,18.020,0.000,7.876,34.971
529,285.000,305.976,-5.244,17.811,0.000,8.857,33.990
530,283.500,306.463,-5.741,17.581,0.000,8.324,32.003
531,282.000,303.659,-5.415,17.364,0.000,8.214,32.113
532,280.500,301.341,-5.211,17.156,0.000,8.218,32.109
533,279.000,301.037,-5.510,16.936,0.000,7.477,30.329
534,277.500,300.610,-5.778,16.704,0.000,6.717,28.570
535,276.000,298.293,-5.574,16.481,0.000,6.735,28.551
536,274.500,295.061,-5.141,16.276,0.000,5.248,27.518
537,273.000,291.037,-4.510,16.095,0.000,4.797,27.969
538,271.500,287.683,-4.046,15.934,0.000,4.496,28.270
539,270.000,287.561,-4.391,15.758,0.000,3.756,26.490
540,268.500,289.207,-5.177,15.551,0.000,3.489,24.236
541,267.000,289.573,-5.644,15.325,0.000,4.181,23.544
542,265.500,287.622,-5.531,15.104,0.000,3.030,22.175
543,264.000,284.329,-5.083,14.901,0.000,1.524,21.160
544,262.500,280.671,-4.543,14.719,0.000,1.167,21.518
545,261.000,277.988,-4.247,14.549,0.000,0.219,20.384
546,259.500,276.951,-4.363,14.374,0.000,0.071,20.093
547,258.000,275.000,-4.251,14.204,0.000,1.132,18.776
548,256.500,270.122,-3.406,14.068,0.000,3.101,18.224
549,255.000,265.061,-2.516,13.968,0.000,3.890,19.013
550,253.500,261.341,-1.961,13.889,0.000,5.627,18.230
551,252.000,258.232,-1.558,13.827,0.000,7.227,17.310
552,250.500,257.012,-1.629,13.762,0.000,8.352,15.914
553,249.000,257.561,-2.141,13.676,0.000,9.014,14.056
554,247.500,257.927,-2.607,13.572,0.000,8.444,13.485
555,246.000,255.732,-2.433,13.474,0.000,9.780,12.302
556,244.500,251.829,-1.833,13.401,0.000,11.568,11.569
557,243.000,248.659,-1.415,13.344,0.000,13.189,10.670
558,241.500,247.195,-1.424,13.287,0.000,13.123,10.604
559,240.000,246.280,-1.571,13.225,0.000,14.174,9.134
560,238.500,243.476,-1.244,13.175,0.000,14.450,9.411
561,237.000,237.683,-0.171,13.168,0.000,16.777,9.217
562,235.500,232.012,0.871,13.203,0.000,19.115,9.034
563,234.000,226.768,1.807,13.275,-0.000,21.383,8.782
564,232.500,223.171,2.332,13.368,-0.000,23.261,8.140
565,231.000,218.720,3.070,13.491,-0.000,25.382,7.740
566,229.500,213.415,4.021,13.652,-0.000,26.494,8.852
567,228.000,211.341,4.164,13.819,-0.000,26.804,9.162
568,226.500,210.610,3.972,13.978,-0.000,28.031,7.869
569,225.000,208.902,4.024,14.138,-0.000,30.764,5.561
570,223.500,206.037,4.365,14.313,-0.000,32.540,4.817
571,222.000,202.500,4.874,14.508,-0.000,33.244,5.521
572,220.500,197.988,5.628,14.733,-0.000,35.482,5.239
573,219.000,195.366,5.908,14.970,-0.000,35.999,5.756
574,217.500,191.951,6.387,15.225,-0.000,37.994,5.230
575,216.000,186.341,7.414,15.522,-0.000,40.578,5.294
576,214.500,180.488,8.503,15.862,-0.000,43.266,5.462
577,213.000,176.829,9.042,16.223,-0.000,44.168,6.363
578,211.500,174.817,9.170,16.590,-0.000,45.923,5.598
579,210.000,172.683,9.329,16.963,-0.000,47.715,4.869
580,208.500,170.671,9.457,17.342,-0.000,48.221,5.376
581,207.000,168.354,9.661,17.728,-0.000,51.332,3.446
582,205.500,164.695,10.201,18.136,-0.000,53.540,3.134
583,204.000,160.488,10.878,18.571,-0.000,54.652,4.246
584,202.500,155.854,11.661,19.038,-0.000,57.162,4.235
585,201.000,152.927,12.018,19.518,-0.000,59.260,3.813
586,199.500,148.659,12.710,20.027,-0.000,61.720,3.753
587,198.000,139.512,14.621,20.612,-0.000,66.737,3.729
588,196.500,130.976,16.381,21.267,-0.000,67.891,7.403
589,195.000,126.402,17.149,21.953,-0.000,70.606,7.598
590,193.500,125.305,17.048,22.635,-0.000,72.447,6.919
591,192.000,125.305,16.673,23.302,-0.000,73.999,5.950
592,190.500,123.902,16.649,23.968,-0.000,74.641,6.592
593,189.000,120.671,17.082,24.651,-0.000,77.017,6.448
594,187.500,115.915,17.896,25.367,-0.000,79.807,6.718
595,186.000,110.915,18.771,26.117,-0.000,81.433,8.344
596,184.500,107.378,19.280,26.889,-0.000,83.974,8.364
597,183.000,105.549,19.362,27.663,-0.000,86.091,7.960
598,181.500,104.085,19.353,28.437,-0.000,88.116,7.465
599,180.000,101.646,19.588,29.221,-0.000,90.394,7.223
600,178.500,98.598,19.975,30.020,-0.000,91.580,8.409
601,177.000,95.549,20.362,30.834,-0.000,95.303,7.091
602,175.500,92.073,20.856,31.669,-0.000,96.631,8.419
603,174.000,89.695,21.076,32.512,-0.000,98.953,8.221
604,172.500,88.049,21.112,33.356,-0.000,101.095,7.842
605,171.000,85.732,21.317,34.209,-0.000,103.412,7.639
606,169.500,82.073,21.856,35.083,-0.000,106.086,7.793
607,168.000,77.561,22.609,35.987,-0.000,110.264,6.930
608,166.500,71.341,23.789,36.939,-0.000,112.395,9.061
609,165.000,66.524,24.618,37.924,-0.000,115.469,9.615
610,163.500,63.476,25.006,38.924,-0.000,116.857,11.002
611,162.000,61.098,25.225,39.933,-0.000,119.345,10.971
612,160.500,59.451,25.262,40.943,-0.000,121.653,10.757
613,159.000,57.866,25.283,41.955,-0.000,122.685,11.790
614,157.500,55.549,25.487,42.974,-0.000,125.169,11.754
615,156.000,52.805,25.798,44.006,-0.000,127.772,11.836
616,154.500,49.878,26.155,45.052,-0.000,130.435,11.979
617,153.000,47.134,26.466,46.111,-0.000,133.065,12.089
618,151.500,44.268,26.807,47.183,-0.000,135.739,12.242
619,150.000,43.476,26.631,48.248,-0.000,135.367,14.391
620,148.500,41.524,26.743,49.318,-0.000,135.290,16.833
621,147.000,46.463,25.134,50.324,-0.000,128.384,22.530
622,145.500,63.415,20.521,51.144,-0.000,123.332,19.998
623,144.000,99.085,11.228,51.593,-0.000,115.749,9.894
624,142.500,119.939,5.640,51.819,-0.000,111.646,3.271
625,141.000,124.024,4.243,51.989,-0.000,111.680,0.785
626,139.500,120.854,4.661,52.175,-0.000,109.764,3.909
627,138.000,119.817,4.545,52.357,-0.000,107.309,6.495
628,136.500,123.963,3.134,52.482,-0.000,103.503,7.730
629,135.000,135.000,-0.001,52.482,-0.000,100.368,4.595
630,133.500,141.829,-2.083,52.399,0.000,96.943,3.690
631,132.000,141.951,-2.488,52.300,0.000,95.177,4.445
632,130.500,140.671,-2.543,52.198,0.000,92.500,6.809
633,129.000,142.561,-3.391,52.062,0.000,88.997,8.346
634,127.500,148.110,-5.153,51.856,0.000,83.248,10.158
635,126.000,155.915,-7.479,51.557,0.000,79.362,8.793
636,124.500,161.707,-9.302,51.185,0.000,74.647,9.118
637,123.000,162.378,-9.845,50.791,0.000,72.450,9.442
638,121.500,162.561,-10.266,50.380,0.000,67.838,12.391
639,120.000,164.695,-11.174,49.933,0.000,62.702,14.816
640,118.500,166.768,-12.068,49.451,0.000,58.806,15.961
641,117.000,168.659,-12.915,48.934,0.000,54.921,17.117
642,115.500,169.939,-13.610,48.390,0.000,48.641,20.918
643,114.000,171.341,-14.336,47.816,0.000,44.822,22.139
644,112.500,174.329,-15.458,47.198,0.000,38.041,25.440
645,111.000,176.707,-16.427,46.541,0.000,33.894,26.334
646,109.500,176.768,-16.818,45.868,0.000,29.050,29.051
647,108.000,174.512,-16.629,45.203,0.000,24.793,32.356
648,106.500,172.195,-16.424,44.546,0.000,20.560,35.683
649,105.000,170.610,-16.403,43.890,0.000,16.145,38.829
650,103.500,168.293,-16.199,43.242,0.000,11.921,42.166
651,102.000,165.732,-15.933,42.605,0.000,9.028,44.314
652,100.500,163.110,-15.653,41.979,0.000,3.642,49.009
653,99.000,160.366,-15.342,41.365,0.000,0.442,52.487
654,97.500,157.805,-15.077,40.762,0.000,4.560,55.930

