0,10.000,0.000,3.598,7.197,10.281,11.502,10.088
1,20.000,0.000,7.295,21.788,20.844,31.247,26.919
2,30.000,0.000,11.092,43.971,31.690,54.614,55.510
3,40.000,0.000,14.987,73.945,42.820,88.981,88.882
4,50.000,0.000,18.982,111.909,54.235,135.020,126.763
5,60.000,42.705,7.711,127.331,64.736,138.602,131.482
6,70.000,28.470,16.607,160.546,75.920,173.543,180.764
7,80.000,0.000,30.866,222.278,88.189,247.887,258.401
8,90.000,28.470,25.017,272.311,99.946,303.301,291.356
9,100.000,99.644,3.621,279.554,109.992,287.723,278.629
10,110.000,56.940,22.602,324.759,121.518,352.363,342.359
11,120.000,85.410,16.492,357.743,132.530,388.704,359.766
12,130.000,113.879,10.202,378.146,143.027,398.449,378.247
13,140.000,128.114,8.852,395.851,153.406,412.557,396.849
14,150.000,142.349,7.462,410.774,163.668,426.600,409.870
15,160.000,142.349,11.152,433.077,174.211,456.078,432.379
16,170.000,199.289,-5.548,421.981,183.437,430.448,402.418
17,180.000,241.994,-17.588,386.805,191.742,382.297,356.136
18,190.000,270.464,-24.830,337.145,199.521,322.673,301.956
19,200.000,256.229,-16.890,303.365,207.973,304.317,268.634
20,210.000,199.289,6.654,316.673,218.300,341.170,305.484
21,220.000,199.289,10.367,337.407,228.909,357.764,337.786
22,230.000,227.759,3.935,345.278,239.002,360.490,337.936
23,240.000,270.464,-7.801,329.676,248.176,327.467,316.284
24,250.000,270.464,-4.493,320.691,257.627,324.119,308.277
25,260.000,241.994,9.157,339.006,268.158,359.336,336.990
26,270.000,313.168,-12.669,313.668,276.971,307.952,294.045
27,280.000,313.168,-9.487,294.693,286.061,291.942,278.469
28,290.000,298.933,-1.086,292.520,295.829,299.625,283.242
29,300.000,327.403,-7.814,276.892,305.077,279.976,258.178
30,310.000,341.638,-9.602,257.687,314.203,251.873,244.296
31,320.000,355.873,-11.433,234.821,323.207,228.214,218.562
32,330.000,355.873,-8.185,218.452,332.489,215.264,205.271
33,340.000,355.873,-4.839,208.775,342.048,217.285,190.587
34,350.000,355.873,-1.395,205.985,351.888,211.723,197.457
35,360.000,370.108,-2.975,200.034,361.607,199.779,194.339
36,370.000,398.578,-9.720,180.594,370.807,179.615,162.134
37,380.000,355.873,8.964,198.523,381.485,206.887,208.086
38,390.000,370.108,7.678,213.879,392.046,220.520,222.595
39,400.000,412.813,-3.893,206.093,401.690,202.789,201.611
40,410.000,384.343,9.825,225.743,412.414,235.922,235.213
41,420.000,398.578,8.555,242.853,423.021,249.475,253.342
42,430.000,412.813,7.245,257.342,433.512,269.871,259.304
43,440.000,427.048,5.893,269.129,443.885,279.722,270.322
44,450.000,412.813,14.745,298.618,454.941,317.035,309.691
45,460.000,455.517,3.347,305.313,465.081,320.979,296.341
46,470.000,455.517,6.995,319.302,475.503,332.224,320.371
47,480.000,469.752,5.619,330.541,485.807,344.042,328.278
48,490.000,469.752,9.324,349.189,496.393,366.286,350.741
49,500.000,498.222,2.884,354.957,506.462,369.208,346.475
50,510.000,526.692,-3.738,347.482,516.013,351.286,336.202
51,520.000,512.457,4.825,357.132,526.243,372.042,351.871
52,530.000,526.692,3.382,363.895,536.354,381.390,353.163
53,540.000,569.397,-8.347,347.200,545.547,350.337,327.369
54,550.000,555.162,0.090,347.380,555.418,361.066,333.872
55,560.000,555.162,3.643,354.665,565.569,371.628,344.986
56,570.000,597.867,-8.073,338.520,574.802,341.219,319.675
57,580.000,583.632,0.379,339.277,584.713,350.915,328.395
58,590.000,583.632,3.946,347.168,594.905,365.009,337.219
59,600.000,626.337,-7.755,331.657,604.178,335.271,312.533
60,610.000,626.337,-4.412,322.833,613.730,331.350,305.492
61,620.000,612.102,4.151,331.135,623.961,344.615,325.956
62,630.000,654.806,-7.536,316.062,633.274,317.459,299.592
63,640.000,683.276,-14.424,287.214,642.065,289.283,256.299
64,650.000,654.806,-1.006,285.203,651.934,295.346,273.050
65,660.000,669.041,-2.576,280.052,661.682,289.364,265.589
66,717.110,697.511,7.052,14.104,717.660,19.884,22.429
67,727.110,654.806,26.211,66.526,729.694,93.337,92.136
68,737.110,640.571,35.646,137.817,742.416,167.311,179.614
69,747.110,683.276,24.833,187.483,754.229,202.829,221.805
70,757.110,697.511,23.946,235.376,765.928,258.563,260.080
71,767.110,683.276,33.264,301.903,778.315,333.027,337.306
72,777.110,683.276,37.700,377.304,790.992,405.935,424.073
73,787.110,740.216,21.750,420.803,802.358,445.734,439.372
74,797.110,768.686,15.584,451.971,813.211,469.076,466.033
75,807.110,782.921,14.359,480.689,823.947,495.884,494.212
76,817.110,811.391,7.972,496.632,834.166,505.417,503.790
77,827.110,825.625,6.525,509.682,844.268,521.861,510.552
78,837.110,854.095,-0.086,509.510,853.850,516.122,502.726
79,847.110,825.625,13.610,536.730,864.512,554.459,546.222
80,857.110,911.035,-13.293,510.145,873.056,493.605,500.101
81,867.110,953.740,-25.572,459.001,880.677,430.464,436.394
82,877.110,1039.149,-53.543,351.915,886.169,295.501,301.243
83,887.110,1124.559,-82.261,187.393,889.527,108.167,102.096
84,897.110,1167.264,-96.363,-5.333,891.942,84.951,118.439
85,907.110,982.210,-28.840,-63.012,899.810,61.122,122.582
86,917.110,782.921,45.721,28.430,913.553,117.826,30.477
87,927.110,754.451,60.878,150.187,928.389,228.529,193.602
88,937.110,825.625,40.565,231.316,941.524,265.498,278.264
89,947.110,854.095,35.020,301.356,954.151,326.858,345.892
90,957.110,939.505,8.807,318.970,964.669,330.250,325.305
91,967.110,882.565,33.076,385.123,977.069,419.032,417.366
92,977.110,925.270,22.151,429.425,988.558,447.741,455.411
93,987.110,1053.384,-19.828,389.770,996.734,365.198,374.687
94,997.110,1153.029,-52.725,284.319,1002.384,219.381,243.806
95,1007.110,1039.149,-9.677,264.964,1011.500,242.091,268.483
96,1017.110,911.035,39.710,344.385,1024.493,393.659,374.532
97,1027.110,939.505,34.116,412.616,1036.978,461.768,431.696
98,1037.110,1067.619,-7.513,397.590,1046.153,391.520,388.633
99,1047.110,996.445,21.406,440.403,1057.605,465.130,458.488
100,1057.110,982.210,30.637,501.677,1069.744,539.058,525.570
101,1067.110,1153.029,-26.480,448.717,1077.371,427.408,417.065
102,1077.110,1295.378,-74.937,298.842,1081.271,233.962,213.847
103,1087.110,1238.438,-52.993,192.856,1087.030,147.629,132.097
104,1097.110,1110.324,-4.784,183.287,1096.654,159.453,197.553
105,1107.110,1010.679,34.538,252.363,1109.359,268.302,305.500
106,1117.110,982.210,49.330,351.024,1123.154,403.955,396.754
107,1127.110,1053.384,28.651,408.325,1135.243,450.326,423.625
108,1137.110,1081.854,22.738,453.802,1146.821,488.083,464.997
109,1147.110,1039.149,42.258,538.317,1159.885,595.212,565.938
110,1157.110,1081.854,31.566,601.448,1172.042,642.981,623.047
111,1167.110,1138.794,15.432,632.313,1182.886,660.736,634.755
112,1177.110,1209.968,-6.284,619.746,1192.015,630.633,596.291
113,1187.110,1309.613,-38.847,542.051,1198.621,521.032,485.377
114,1197.110,1508.902,-108.152,325.747,1199.896,257.077,178.114
115,1200.000,1622.781,-151.154,23.439,1190.911,52.585,202.847
116,1200.000,1423.492,-83.614,-143.790,1184.594,131.751,323.058
117,1200.000,953.740,83.200,22.610,1191.454,198.718,12.902
118,1200.000,1010.679,65.121,152.852,1196.739,255.639,180.307
119,1200.000,1224.203,-9.856,133.140,1196.043,91.450,155.119
120,1200.000,1138.794,20.633,174.406,1197.745,146.402,243.676
121,1200.000,1053.384,51.964,278.334,1201.853,290.070,370.525
122,1200.000,1096.089,38.040,354.414,1204.775,356.215,428.693
123,1200.000,1209.968,-1.911,350.592,1204.508,313.026,384.336
124,1200.000,1252.673,-17.372,315.848,1203.039,276.512,320.441
125,1200.000,1238.438,-12.765,290.318,1201.966,253.129,301.975
126,1200.000,1224.203,-8.020,274.277,1201.288,233.882,298.632
127,1200.000,1209.968,-3.136,268.006,1201.009,232.106,297.634
128,1200.000,1167.264,12.132,292.271,1201.928,297.563,311.243
129,1200.000,1224.203,-8.034,276.203,1201.250,277.238,259.102
130,1200.000,1209.968,-3.149,269.905,1200.970,270.794,262.716
131,1200.000,1195.733,1.874,273.654,1201.089,287.550,263.506
132,1200.000,1295.378,-33.939,205.775,1198.409,188.770,154.901
133,1200.000,1252.673,-19.514,166.747,1196.918,161.613,132.852
134,1200.000,1281.143,-30.282,106.183,1194.623,90.703,61.098
135,1200.000,1281.143,-31.088,44.006,1192.319,30.838,5.002
136,1200.000,1153.029,16.902,33.804,1201.320,76.299,25.113
137,1200.000,1124.559,27.610,89.024,1203.444,130.478,102.789
138,1200.000,1110.324,33.478,155.981,1205.977,193.241,185.678
139,1200.000,1124.559,29.246,214.472,1208.118,250.673,236.763
140,1200.000,1153.029,19.753,253.979,1209.466,264.572,282.892
141,1200.000,1195.733,4.860,263.699,1209.620,260.414,276.705
142,1200.000,1309.613,-36.064,191.572,1206.573,147.454,163.562
143,1200.000,1409.257,-72.989,45.593,1200.716,54.355,0.438
144,1200.000,1409.257,-75.047,-104.501,1194.838,209.370,149.725
145,1200.000,1309.613,-41.256,-187.012,1191.739,259.327,197.209
146,1200.000,1067.619,44.733,-97.545,1195.429,87.649,17.974
147,1200.000,1039.149,56.274,15.003,1199.932,48.613,93.940
148,1200.000,1138.794,22.000,59.003,1201.652,93.896,68.111
149,1200.000,1067.619,48.215,155.434,1205.377,222.793,184.505
150,1200.000,1124.559,29.035,213.504,1207.516,263.832,221.245
151,1200.000,1153.029,19.542,252.587,1208.862,293.130,251.127
152,1200.000,1181.499,9.770,272.127,1209.413,303.293,260.501
153,1200.000,1323.848,-41.259,189.610,1205.966,161.638,135.064
155,1200.000,1295.378,-32.225,125.160,1203.306,112.582,73.287
156,1200.000,1167.264,12.941,151.041,1204.237,185.378,142.585
157,1200.000,982.210,79.857,310.754,1210.371,398.481,382.740
158,1200.000,1081.854,46.156,403.065,1213.727,439.543,458.899
159,1200.000,1224.203,-3.888,395.289,1213.095,387.528,395.275
160,1200.000,1167.264,16.379,428.047,1214.060,440.056,448.795
161,1200.000,1124.559,32.084,492.216,1216.229,517.048,531.552
162,1200.000,1195.733,7.235,506.686,1216.405,509.410,518.432
163,1200.000,1352.318,-49.048,408.590,1212.181,350.091,368.994
164,1200.000,1437.727,-81.265,246.061,1205.543,124.240,205.354
165,1200.000,1395.022,-68.230,109.602,1200.080,28.834,111.578
166,1200.000,1124.559,27.174,163.950,1202.198,149.242,233.004
167,1200.000,1167.264,12.551,189.052,1203.124,226.902,176.303
168,1200.000,1181.499,7.754,204.560,1203.653,230.472,194.156
169,1200.000,1195.733,2.818,210.195,1203.784,230.910,195.115
170,1200.000,1252.673,-17.625,174.944,1202.315,180.388,134.249
171,1200.000,1209.968,-2.775,169.395,1202.041,193.044,140.196
172,1200.000,1281.143,-28.482,112.430,1199.765,105.589,62.307
173,1200.000,1181.499,6.574,125.579,1200.282,154.165,110.141
174,1200.000,1167.264,11.878,149.335,1201.201,177.912,144.514
175,1200.000,1167.264,12.201,173.736,1202.123,187.701,184.173
176,1200.000,1153.029,17.647,209.030,1203.448,223.647,229.706
177,1200.000,1167.264,12.990,235.010,1204.378,246.015,249.985
178,1200.000,1153.029,18.439,271.888,1205.711,294.253,286.399
179,1200.000,1209.968,-1.582,268.724,1205.449,272.199,262.085
180,1200.000,1224.203,-6.796,255.131,1204.786,245.938,250.732
181,1200.000,1252.673,-17.274,220.584,1203.320,204.652,201.969
182,1200.000,1281.143,-28.033,164.519,1201.049,128.809,144.162
183,1200.000,1195.733,1.903,168.324,1201.170,154.845,185.609
184,1200.000,1209.968,-3.177,161.971,1200.892,150.790,166.798
185,1200.000,1195.733,1.848,165.666,1201.012,166.964,168.062
186,1200.000,1209.968,-3.232,159.201,1200.733,154.139,157.798
187,1200.000,1195.733,1.792,162.785,1200.853,166.826,162.327
188,1200.000,1209.968,-3.288,156.208,1200.573,155.146,150.694
189,1200.000,1153.029,17.102,190.413,1201.893,213.500,201.530
190,1200.000,1238.438,-13.168,164.077,1200.816,154.694,147.126
191,1200.000,1238.438,-13.546,136.986,1199.737,128.654,118.227
192,1200.000,1238.438,-13.925,109.137,1198.653,103.284,87.139
193,1200.000,1195.733,1.061,111.259,1198.765,119.473,105.167
194,1200.000,1138.794,21.589,154.438,1200.478,183.345,168.709
195,1200.000,1124.559,27.313,209.064,1202.597,228.223,244.533
196,1200.000,1167.264,12.691,234.446,1203.524,244.613,249.662
197,1200.000,1167.264,13.016,260.479,1204.453,275.943,271.048
198,1200.000,1138.794,23.587,307.654,1206.186,327.370,335.112
199,1200.000,1224.203,-6.537,294.579,1205.525,279.578,296.506
200,1200.000,1252.673,-17.014,260.552,1204.062,236.627,250.448
201,1200.000,1380.787,-63.628,133.296,1198.994,47.418,91.918
202,1200.000,1309.613,-39.797,53.702,1195.907,16.796,44.605
203,1200.000,1153.029,15.463,84.628,1197.209,70.608,129.576
204,1200.000,1209.968,-4.568,75.492,1196.917,42.517,99.332
205,1200.000,1153.029,15.818,107.128,1198.223,119.881,126.011
206,1200.000,1167.264,11.154,129.437,1199.133,150.867,130.315
207,1200.000,1195.733,1.230,131.897,1199.248,169.225,97.029
208,1200.000,1224.203,-8.974,113.948,1198.562,133.296,76.652
209,1200.000,1195.733,1.029,116.007,1198.674,140.210,93.862
210,1200.000,1181.499,6.191,128.388,1199.187,157.244,111.915
211,1200.000,1153.029,16.615,161.619,1200.501,201.419,155.050
212,1200.000,1153.029,17.077,195.773,1201.820,226.404,199.297
213,1200.000,1167.264,12.418,220.609,1202.744,234.363,231.692
214,1200.000,1167.264,12.742,246.094,1203.671,252.789,264.885
215,1200.000,1195.733,2.824,251.742,1203.801,253.115,256.016
216,1200.000,1167.264,13.114,277.969,1204.732,294.069,288.097
217,1200.000,1195.733,3.196,284.362,1204.866,283.890,291.226
218,1200.000,1252.673,-17.246,249.870,1203.400,229.375,235.874
219,1200.000,1252.673,-17.760,214.350,1201.929,184.592,208.586
220,1200.000,1195.733,2.212,218.773,1202.053,210.160,231.810
221,1200.000,1167.264,12.500,243.773,1202.977,248.570,263.976
222,1200.000,1238.438,-12.787,218.200,1201.905,214.097,196.729
223,1200.000,1224.203,-8.041,202.117,1201.229,207.239,180.913
224,1200.000,1209.968,-3.156,195.805,1200.950,199.123,186.173
225,1200.000,1195.733,1.868,199.540,1201.070,215.613,187.204
226,1200.000,1224.203,-8.334,182.872,1200.391,186.044,163.031
227,1200.000,1195.733,1.672,186.215,1200.509,188.767,187.006
228,1200.000,1209.968,-3.409,179.397,1200.228,178.527,173.448
229,1200.000,1224.203,-8.630,162.137,1199.546,154.795,152.219
230,1200.000,1238.438,-13.992,134.153,1198.461,121.081,119.241
231,1200.000,1181.499,6.116,146.385,1198.973,146.861,158.140
232,1200.000,1195.733,1.173,148.731,1199.086,146.745,153.065
233,1200.000,1224.203,-9.031,130.669,1198.400,121.027,122.248
234,1200.000,1153.029,16.339,163.347,1199.711,177.363,182.008
235,1200.000,1209.968,-3.689,155.968,1199.427,149.123,155.434
236,1200.000,1209.968,-3.789,148.390,1199.142,141.691,147.510
237,1200.000,1167.264,11.477,171.344,1200.056,179.851,185.793
238,1200.000,1181.499,6.676,184.697,1200.574,185.817,196.930
239,1200.000,1181.499,6.858,198.413,1201.093,202.430,208.112
240,1200.000,1238.438,-13.449,171.516,1200.014,154.828,161.307
241,1200.000,1224.203,-8.705,154.105,1199.331,148.199,142.601
242,1190.000,1195.733,-2.063,-4.126,1189.839,1.947,10.431
243,1180.144,1167.264,4.578,5.030,1180.344,10.717,8.500
244,1170.455,1138.794,11.463,27.957,1171.545,40.782,38.057
245,1160.455,1167.264,-2.067,23.823,1161.358,36.163,7.348
246,1150.831,1110.324,14.893,53.609,1152.876,81.122,55.883
247,1140.831,1181.499,-13.915,25.778,1141.740,30.424,6.698
248,1130.831,1110.324,7.699,41.175,1132.320,57.161,40.587
249,1120.831,1124.559,-0.819,39.538,1122.220,38.784,38.655
250,1110.831,1167.264,-19.818,-0.099,1110.639,10.051,29.783
251,1100.831,1124.559,-8.605,-17.309,1099.972,11.540,40.290
252,1090.831,1081.854,2.928,-11.453,1090.221,1.911,15.138
253,1080.831,1096.089,-5.705,-22.862,1079.790,19.976,37.157
254,1070.831,1096.089,-9.454,-41.771,1069.076,42.674,59.776
255,1060.831,1053.384,2.063,-37.644,1059.279,19.024,52.137
256,1050.831,1024.914,8.781,-20.083,1050.002,7.213,29.817
257,1040.831,1039.149,0.314,-19.455,1040.046,3.983,34.299
258,1030.831,1010.679,6.976,-5.504,1030.610,20.649,17.705
259,1020.831,1010.679,3.575,1.647,1020.894,25.789,15.345
260,1010.971,996.445,5.249,12.146,1011.443,38.773,3.983
261,1000.971,1024.914,-8.450,-4.754,1000.772,6.149,32.558
262,990.971,1010.679,-7.162,-19.078,990.217,5.946,46.534
263,980.971,982.210,-0.711,-20.499,980.180,0.773,41.647
264,970.971,967.975,0.800,-18.899,970.261,4.526,31.672
265,960.971,996.445,-13.014,-44.927,959.262,47.707,68.175
266,950.971,939.505,3.526,-37.876,949.578,15.576,53.124
267,940.971,911.035,10.283,-17.310,940.414,8.638,22.694
268,931.076,925.270,1.893,-13.523,930.680,2.996,20.264
269,921.239,911.035,3.533,-6.458,921.129,4.491,10.341
270,911.609,882.565,10.412,14.366,912.314,33.590,15.967
271,901.875,882.565,7.196,28.758,903.126,44.678,27.231
272,891.875,911.035,-6.455,15.848,892.592,19.872,1.086
273,881.875,925.270,-15.363,-14.878,881.375,12.727,47.755
274,871.875,882.565,-4.022,-22.923,871.073,16.577,37.314
275,861.875,868.330,-2.605,-28.132,860.889,26.853,34.620
276,851.875,868.330,-6.268,-40.667,850.423,39.240,54.629
277,841.875,854.095,-4.907,-50.482,840.074,48.056,62.722
278,831.875,797.156,11.861,-26.760,831.044,12.619,17.180
279,821.875,811.391,3.481,-19.799,821.336,16.970,15.666
280,811.875,825.625,-5.137,-30.073,810.947,35.366,35.055
281,801.875,797.156,1.372,-27.329,801.077,28.706,23.207
282,792.310,740.216,18.465,9.601,792.973,29.438,26.694
283,782.366,782.921,0.033,9.668,783.016,17.822,1.580
284,772.366,782.921,-3.570,2.529,772.722,6.025,8.107
285,762.463,754.451,3.008,8.544,763.045,15.119,7.985
286,752.463,768.686,-5.633,-2.722,752.591,7.938,8.772
287,742.463,768.686,-9.391,-21.504,741.855,23.038,38.751
288,732.463,768.686,-13.248,-47.999,730.835,54.385,68.108
289,722.463,740.216,-6.960,-61.919,720.331,52.651,85.106
290,712.463,725.981,-5.613,-73.145,709.943,63.650,93.867
291,702.463,697.511,0.897,-71.351,700.074,53.401,87.508
292,692.463,669.041,7.589,-56.174,690.723,27.700,69.470
293,682.463,669.041,4.219,-47.737,681.095,31.096,55.940
294,672.463,669.041,0.751,-46.235,671.186,31.619,59.350
295,662.463,669.041,-2.816,-51.866,660.997,43.842,65.522
296,652.463,654.806,-1.358,-54.583,650.926,56.582,55.299
297,642.501,626.337,5.277,-44.029,641.414,37.651,39.852
298,632.501,640.571,-3.286,-50.600,631.183,51.274,56.498
299,622.501,626.337,-1.843,-54.286,621.071,50.806,61.452
300,612.558,612.102,-0.338,-54.961,611.136,53.668,56.930
301,602.558,612.102,-3.933,-62.828,600.864,62.557,70.966
302,592.558,612.102,-7.627,-78.083,590.309,75.609,95.811
303,582.558,583.632,-1.176,-80.435,580.271,75.211,88.012
304,572.558,569.397,0.334,-79.766,570.352,74.567,84.297
305,562.654,555.162,1.921,-75.924,560.652,68.839,79.165
306,552.700,555.162,-1.589,-79.102,550.621,73.828,87.556
307,543.086,526.692,5.169,-68.764,541.462,55.547,71.642
308,533.567,512.457,7.025,-54.713,532.530,40.522,54.853
309,523.603,526.692,-1.476,-57.664,522.476,52.408,65.873
310,514.276,483.987,10.503,-36.658,513.997,21.719,30.590
311,504.495,498.222,2.159,-32.339,504.392,30.621,29.739
312,494.521,498.222,-1.368,-35.075,494.314,33.898,38.988
313,484.929,469.752,5.388,-24.298,485.148,16.590,21.229
314,475.443,455.517,7.247,-9.804,476.223,0.288,4.827
315,465.458,469.752,-1.271,-12.347,466.120,13.923,13.313
316,455.566,455.517,0.251,-11.846,456.233,12.708,10.482
317,445.566,455.517,-3.346,-18.538,445.957,12.290,31.479
318,435.566,441.283,-1.920,-22.378,435.798,14.966,33.628
319,425.566,427.048,-0.452,-23.281,425.758,15.104,32.361
320,415.566,427.048,-4.064,-31.409,415.436,19.786,51.160
321,405.566,412.813,-2.653,-36.715,405.233,26.858,51.878
322,395.566,398.578,-1.201,-39.116,395.147,27.378,53.256
323,385.566,398.578,-4.829,-48.774,384.781,47.076,60.130
324,375.566,398.578,-8.556,-65.886,374.132,64.517,84.367
325,365.566,370.108,-2.138,-70.162,364.000,63.953,80.647
326,355.566,370.108,-5.783,-81.727,353.586,82.187,92.833
327,345.566,355.873,-4.404,-90.535,343.290,84.178,105.701
328,335.566,327.403,2.138,-86.260,333.512,72.059,96.184
329,325.566,370.108,-16.749,-119.758,322.253,127.491,145.523
330,315.566,327.403,-5.423,-130.603,311.910,124.139,147.913
331,305.566,298.933,1.103,-128.398,302.083,115.694,138.897
332,295.566,270.464,7.810,-112.779,292.777,94.285,115.652
333,285.566,327.403,-16.034,-144.846,281.593,150.553,171.206
334,275.566,256.229,5.563,-133.720,272.123,111.045,145.270
335,265.566,241.994,7.273,-119.174,262.773,93.675,130.128
336,255.883,227.759,9.140,-100.895,253.872,77.924,105.588
337,245.883,270.464,-9.551,-119.998,243.175,126.158,132.939
338,236.212,213.524,7.213,-105.571,234.133,91.764,104.952
339,227.619,199.289,9.464,-86.643,226.330,65.014,89.343
340,218.689,199.289,6.528,-73.587,217.940,55.693,78.424
341,208.697,213.524,-1.999,-77.585,207.812,72.117,87.052
342,201.761,142.349,21.068,-35.450,202.543,9.274,19.491
343,192.370,185.054,2.908,-29.635,193.361,25.568,27.887
344,184.050,156.584,10.232,-9.171,185.818,4.093,1.972
345,175.336,156.584,7.369,5.566,177.638,22.952,2.918
346,166.166,156.584,4.257,14.080,168.746,32.406,4.266
347,157.366,142.349,6.310,26.700,160.378,45.418,20.602
348,149.003,128.114,8.575,43.850,152.614,65.054,39.795
349,139.122,142.349,0.107,44.064,142.656,54.612,33.730
350,129.122,156.584,-8.640,26.783,131.897,31.941,4.344
351,119.122,142.349,-7.383,12.017,121.255,19.770,10.501
352,109.122,99.644,4.160,20.337,111.530,31.136,17.858
353,99.122,142.349,-14.709,-9.080,100.325,28.339,19.239
354,89.122,113.879,-8.486,-26.052,89.634,25.612,43.464
355,79.122,99.644,-7.205,-40.461,79.060,49.383,45.950
356,69.122,113.879,-16.127,-72.715,67.802,88.184,89.500
357,59.122,99.644,-15.045,-102.805,56.660,117.428,118.271
